corp_name,corp_code,stock_code
한빛네트,00260985,036720
엔플렉스,00264529,040130
동서정보기술,00358545,055000
애드모바일,00231567,032600
리더컴,00359614,056140
허메스홀딩스,00153551,012400
유티엑스,00344746,045880
글로포스트,00261188,037830
쏠라엔텍,00268020,030390
보홍,00269287,041320
동북아1호선박투자회사,00475286,078420
에듀아크,00250775,046350
데코,00114321,013650
엘앤씨피,00191108,015390
희훈디앤지,00167378,019640
퓨쳐인포넷,00225210,058690
쓰리디넷,00223346,035400
제일저축은행,00174129,024100
제일창업투자,00114826,026540
현대DSF,00173333,016510
네프로아이티,00687599,950030
자강,00256292,036790
케이엠에스,00271431,038830
에버리소스,00154727,020070
제이에스,00246189,037110
태창기업,00154204,007490
에이치비이에너지,00152631,017300
코어비트,00358095,056850
동북아8호선박투자회사,00510215,082110
한국통신데이타,00347619,045760
케너텍,00372013,062730
다휘,00353735,055250
코오롱아이넷,00186540,022520
캠브리지코오롱,00128759,004620
네오세미테크,00535588,089240
디에이치패션,00264981,045260
핸디소프트,00231521,032380
케이엠에이치,00159908,009690
씨엘엘씨디,00259493,035710
현대푸드시스템,00359641,114410
메리츠종합금융,00161639,012420
제넥셀세인,00211271,034660
쓰리디월드,00388272,065340
스톰이앤에프,00264796,043680
소예,00134909,035010
엠엔에프씨,00236368,048640
하이트맥주,00684547,103150
보광티에스,00251385,066690
아인스엠앤엠,00262682,040740
씨엔씨엔터프라이즈,00234555,038420
아이알디,00507257,084810
바이나믹,00417963,067850
코크렙제7호위탁관리부동산투자회사,00543523,086720
엔빅스,00300566,054170
선팩테크,00299376,054010
마이크로닉스,00112068,001190
블루스톤디앤아이,00257194,033720
신지소프트,00477372,078700
맥쿼리센트럴오피스기업구조조정부동산투자회사,00465410,076850
테스텍,00331760,048510
중앙디자인,00200761,030030
에코페트로시스템,00268297,042870
한림창업투자,00161301,021060
헤쎄나,00237260,036270
미래에셋굿라이프혼합형자녀를위한투자회사10-1,00297970,037510
일공공일안경콘택트,00107358,032030
지앤알,00267474,043630
셀런,00134051,013240
한국베트남15-1유전해외자원개발투자회사,00596066,093820
에이치원바이오,00347363,052310
씨앤중공업,00150226,008400
FnC코오롱,00152914,001370
제너비오믹스,00158839,017010
케드콤,00159281,011050
지엔텍홀딩스,00210537,065410
동부씨엔아이,00240370,044640
아이피에스,00247887,051820
에스브이에이치,00268358,046240
제이콤,00316488,060750
옥션,00264130,043790
네이쳐글로벌,00540304,088020
GB블루오션베트남주식혼합형투자회사1호,00617299,094950
엠씨티티코어,00262275,052210
에이스앤파트너스,00200798,032930
지앤디윈텍,00335924,061050
인터피온반도체,00111591,014010
솔로몬저축은행,00189343,007800
엠트론스토리지테크놀로지,00252588,046320
에스티앤아이,00267997,031800
유퍼트,00299686,060670
엑스로드,00463050,074140
선우중공업,00238913,068770
남양,00107446,003020
엘지데이콤,00114303,015940
LG파워콤,00318617,045820
동산진흥,00267775,031960
티이씨,00394574,067950
한국기술산업,00110176,008320
스타맥스,00136554,017050
유성티에스아이,00144562,024870
네오리소스,00370547,058550
케이알,00242439,035950
씨앤상선,00134060,000790
투미비티,00392600,058900
코아정보시스템,00259855,039990
케이에스리소스,00385451,066340
세계투어,00258944,047600
동양밸류오션기업인수목적,00798530,122290
케이이엔지,00451268,077960
사이버패스,00336570,063280
산양전기,00363325,079870
으뜸상호저축은행,00148188,032150
국제개발,00508566,080570
세신,00133928,004230
골든브릿지더블유엠경매부동산일호투자회사,00540784,084160
엘앤피아너스,00298252,061140
에이스일렉트로닉스,00264556,038690
디앤샵,00581000,090090
더체인지,00359094,054120
다산자기관리부동산투자회사,00686970,105380
써니트렌드,00255309,035500
뉴젠비아이티,00362380,054650
룩소네이트,00244862,033880
현대오토넷,00297165,042100
LG마이크론,00105767,016990
서광건설산업,00173397,001600
플러스프로핏,00259606,036660
한와이어리스,00178471,037020
포휴먼,00331733,049690
알이네트웍스,00104892,023670
케이알제2호개발전문위탁관리부동산투자회사,00647917,101790
미래에셋맵스오퍼튜니티베트남주식혼합형투자회사1호,00597764,094520
씨티엘테크,00355821,088960
이디디컴퍼니,00329677,052650
케이티프리텔,00244871,032390
메카포럼,00246383,035830
에스피코프,00345499,048130
이롬텍,00348140,045400
이앤텍,00215107,047450
맥스브로,00560991,088810
토자이홀딩스,00265263,037700
우방,00142564,013200
동양매직,00198572,023020
코웰이홀딩스유한공사,00642648,900020
아구스,00537443,078670
대한은박지,00113173,007480
인스프리트,00441872,073130
하이럭스,00480844,079340
트리니티,00262044,053070
카라반케이디이,00101442,032570
더존디지털웨어,00295875,045380
디보스,00441298,080140
포네이처,00263885,045290
테이크시스템즈,00475532,076090
폴켐,00130204,033190
유리이에스,00128731,007050
에프아이투어,00325981,047370
모빌탑,00540021,085680
올리브나인,00362089,052970
디패션,00228916,030420
알덱스,00114215,025970
오라바이오틱스,00109648,016160
시노펙스그린테크,00261212,037320
야호커뮤니케이션,00348007,059720
브이케이,00275808,048760
팬택앤큐리텔,00375579,063350
팬텀엔터테인먼트그룹,00197324,025460
삼성수산,00339063,052560
동북아15호선박투자회사,00538497,084240
쌈지,00225140,033260
브이오산업,00101947,018890
코디콤,00287724,041800
제네시스엔알디,00347840,052640
동북아6호선박투자회사,00504357,080410
인네트,00269339,041450
한국월드와이드아시아태평양특별자산1호투자회사,00634959,098150
헤파호프코리아,00267094,039350
휴리프,00142698,006210
하이스마텍,00350057,057100
삼성디지털이미징,00721981,108070
씨제이인터넷,00248691,037150
엠넷미디어,00335562,056200
온미디어,00369675,045710
유니텍전자,00265078,039040
위더스기술금융,00267809,019430
클라스타,00314000,037550
아시아미디어홀딩스,00355292,052810
아이스테이션,00386557,056010
동북아21호선박투자회사,00548865,088010
에이스디지텍,00221320,036550
부산저축은행,00124054,007830
에피밸리,00301486,068630
오페스,00311298,053470
액티투오,00348557,047710
에이치에스씨홀딩스,00265342,038920
한국고덴시,00156734,027840
나리지*온,00208693,036850
프로비타,00128953,014420
제로원인터랙티브,00428792,069470
제일화재해상보험,00148744,000610
동북아9호선박투자회사,00518873,083120
굿이엠지,00300779,051530
아이드림,00397766,066850
조인에너지,00174305,004820
태광이엔시,00320807,048140
렉스엘이앤지,00106492,004790
코리아퍼시픽05호선박투자회사,00592583,093400
엑큐리스,00275260,048460
우경,00183914,025920
세미텍,00481676,081220
그린손해보험,00104971,000470
대양글로벌,00269773,040180
엔하이테크,00334767,046720
제너시스템즈,00453752,073930
엘트온,00140919,015050
태산엘시디,00255840,036210
성원건설,00133034,012090
대우송도개발,00161028,004550
현대금속,00174475,018410
트라이써클,00251482,034010
아이비케이에스스마트에스엠이기업인수목적1호,00824659,126680
네스테크,00259536,037540
동북아5호선박투자회사,00505198,080980
파브코,00679730,101990
우리기업인수목적1호,00803504,122750
뉴젠아이씨티,00350118,054150
인젠,00352295,041630
지앤에스티,00240088,036920
코크렙제8호위탁관리부동산투자회사,00560025,090540
유니온스틸,00140380,003640
경남모직,00101275,001670
대우증권그린코리아기업인수목적회사,00797674,121910
지노시스템,00244589,033850
한국투자신성장1호기업인수목적회사,00802028,123290
휴먼텍코리아,00371519,066060
에스에스씨피,00126593,071660
평산,00220181,089480
지디코프,00254009,036610
아시아퍼시픽2호선박투자회사,00505541,081190
무한투자,00240398,034510
동부티에스블랙펄기업인수목적,00828309,128910
블루젬디앤씨,00349468,053040
부국퓨쳐스타즈기업인수목적,00808262,123300
예당컴퍼니,00252393,049000
터보테크,00229818,032420
케이비물산,00154189,008540
연합과기공고유한공사,00680161,900030
글로스텍,00102645,012410
중국고섬공고유한공사,00844884,950070
코리아퍼시픽06호선박투자회사,00592592,093410
나노트로닉스,00268437,010670
미래에셋제1호기업인수목적,00798284,121950
에이원마이크로,00164195,037380
에이프로테크놀로지,00264811,045470
모린스,00676380,110310
디지텍시스템스,00543231,091690
배명금속,00122436,011800
동북아4호선박투자회사,00505189,080970
사라콤,00271413,040020
폴리플러스,00245296,065610
영찬테크,00480905,085990
케이비부국제1호개발전문위탁관리부동산투자회사,00890333,149130
아시아퍼시픽8호선박투자회사,00510534,081930
진흥저축은행,00150855,007200
에듀언스,00173634,009010
성융광전투자유한공사,00830377,900150
샤인시스템,00224567,066300
씨모텍,00582054,081090
에스컴,00125929,014900
아시아퍼시픽1호선박투자회사,00502793,080180
아시아퍼시픽3호선박투자회사,00505550,081200
한국저축은행,00104704,025610
미리넷,00361035,056710
3노드디지탈그룹유한공사,00630111,900010
유일엔시스,00264802,038720
케이피케미칼,00399773,064420
이루넷,00257529,041030
대신증권그로쓰알파기업인수목적,00804114,123550
유에이블,00416706,071530
경윤하이드로에너지,00173324,019120
롯데미도파,00121729,004010
한화에스브이명장제1호기업인수목적,00808226,124050
셀텍,00162577,019260
에스비아이앤솔로몬드림기업인수목적,00812229,123910
위다스,00351153,056810
에스와이코퍼레이션,00126885,008080
어울림네트웍스,00264741,042820
에이디모터스,00266989,038120
평안물산,00260693,037240
아큐텍,00267951,013780
히든챔피언제1호기업인수목적,00804983,123160
동북아2호선박투자회사,00502474,080030
금강제강,00579379,105070
아라온테크,00264857,041060
우리금융지주,00375302,053000
대국,00264848,042340
글로웍스,00251190,034600
중국식품포장유한공사,00694003,900060
동북아3호선박투자회사,00505170,080960
지아이바이오,00259439,035450
알에스넷,00207436,046430
나이스메탈,00408585,072530
하나IB증권,00115038,003330
퓨쳐비젼,00288653,042570
이레전자산업,00303837,045310
레이더스컴퍼니,00330017,047420
포이보스,00264769,038810
미디어코프,00308948,053890
케이디세코,00321222,073780
이노블루,00361202,066200
도움,00450728,078610
엑스씨이,00535773,081500
코오롱유화,00152950,011020
세라온홀딩스,00296069,050600
현대경매부동산일호투자회사,00521956,083160
우수씨엔에스,00360540,060550
동북아31호선박투자회사,00593519,093730
후야인포넷,00194372,032050
이레아이엔씨,00154693,036900
카스코,00106650,005330
모델라인,00368791,064720
청람디지탈,00220552,035270
한텔,00294371,041940
코스모스피엘씨,00353683,053170
나노하이텍,00252375,071360
쓰리소프트,00260903,036360
트라이콤,00261461,038410
케이엔에스홀딩스,00265218,036760
지비에스,00471989,076170
피더블유제네틱스,00306986,065910
엠텍반도체,00356644,054440
세니콘,00305695,056060
유씨아이콜스,00257051,065810
코크렙제3호CR리츠,00459589,073530
아이티센네트웍스,00366164,057110
리얼티코리아제1호기업구조조정부동산투자,00436728,072450
BHK,00136235,003990
포넷,00328854,048270
맥슨텔레콤,00120960,009890
엔토리노,00119733,032590
두림티앤씨,00119423,033330
동북아27호선박투자회사,00557067,089170
동북아28호선박투자회사,00557058,089180
동북아30호선박투자회사,00557030,089200
동북아29호선박투자회사,00557049,089190
현주컴퓨터,00244330,038960
LG석유화학,00120100,012990
오브제,00246657,058680
휴닉스,00130037,009790
세이프아시아,00405074,066330
코크렙제1호기업구조조정부동산투자회사,00398534,067910
위너스인프라인,00165200,005760
AP우주통신,00150183,015670
조이토토,00268482,044370
한도하이테크,00363033,060660
에너윈,00364227,055970
유레스메리츠제1호,00458915,073470
교보메리츠퍼스트기업구조조정부동산투자회사,00386876,064900
굿앤리치부동산공경매투자회사1호,00543073,085450
한국합섬,00160445,025830
굿앤리치부동산공경매투자회사2호,00554468,088510
디에스피이엔티,00165565,016040
시큐어소프트,00300256,037060
동부일렉트로닉스,00138491,001830
고려시멘트,00102821,003660
베스트플로우,00377814,060410
쿨투,00364670,056020
우영,00143013,012460
모빌링크텔레콤,00263991,041310
극동제혁,00105183,010200
한마음상호저축은행,00173254,025450
그로웰전자,00101637,009220
부흥,00124513,003930
퍼시픽글라스,00154417,009080
아이인프라,00119362,008780
씨크롭,00140353,016970
외환신용카드,00170451,038400
삼화기연,00267793,033210
대흥멀티미디어통신,00260639,037250
텔슨정보통신,00153852,018180
비이티,00248956,036820
코오롱인터내셔널,00390028,063510
엔써커뮤니티,00260888,037750
써미트테크놀로지,00275710,039000
코리아이앤디,00172103,027440
트래픽아이티에스,00263955,038050
호성,00261601,035870
넥스텔,00265254,037220
쓰리알,00255266,037730
그로웰텔레콤,00259916,035780
서통,00131434,001150
테크메이트,00271352,043690
한아시스템,00244932,036020
엔에스아이,00348052,053250
케이티씨텔레콤,00367598,055810
신한SIT,00267720,054530
스마텔,00147949,004190
동방라이텍,00203458,025690
아이텍스필,00130000,008030
이수세라믹,00145534,032180
코크렙제2호기업구조조정부동산투자회사,00425360,070540
영풍산업,00141334,002850
모닷텔,00384452,048150
광덕물산,00103583,003590
동원증권,00162142,005890
우주통신,00236021,054080
기라정보통신,00106483,019930
텔슨전자,00208374,027350
하이콤정보통신,00309983,048540
미래에셋굿라이프혼합형자녀를위한펀드5-1,00277727,037500
한메엔에스,00136217,006150
이지클럽,00229827,038980
넷컴스토리지,00247902,037010
모디아,00318477,046000
성진산업,00246815,037650
아이엠아이티,00260921,038100
맥시스템,00247762,036880
슈마일렉트론,00350224,056500
센추리,00101992,006750
베네데스하이텍,00151614,009360
에스오케이,00179832,032610
세원텔레콤,00241120,036910
한강구조조정기금,00277985,036060
케이엔티,00325918,036590
대아리드선,00110981,009940
국민은행,00104467,031150
월드텔레콤,00257361,047610
업필,00358730,054370
화림모드,00248406,045920
대아건설,00110963,000380
창민테크,00267021,042960
씨제이엔터테인먼트,00330406,049370
대백쇼핑,00110079,027700
지니웍스,00141440,036600
신광기업,00135670,001580
유진종합개발,00144933,023420
휘튼,00371139,066480
엠바이엔,00218654,031970
두산건설,00115852,002950
대호,00113696,001980
한신코퍼레이션,00253514,037120
금강화섬,00105509,010730
우리증권,00163178,001280
피코소프트,00264185,039580
바이오시스,00265157,035960
윌텍정보통신,00270405,039390
삼도물산,00125406,002930
현대멀티캡,00258731,035910
씨아이에스,00822572,144630
코리아퍼시픽01호선박투자회사,00580603,090970
코리아퍼시픽02호선박투자회사,00580612,090980
신양오라컴디스플레이,00317830,086830
미래에셋증권,00311030,037620
이룸지엔지,00439053,050640
에스와이이노베이션,00992312,194860
코리아퍼시픽03호선박투자회사,00580621,090990
코리아퍼시픽04호선박투자회사,00580630,091000
유아이에너지,00262123,050050
아시아퍼시픽14호선박투자회사,00533696,083610
아시아퍼시픽13호선박투자회사,00533757,083600
아시아퍼시픽10호선박투자회사,00533580,083570
현대에이블기업인수목적1호,01041217,204760
아시아퍼시픽11호선박투자회사,00533793,083580
아시아퍼시픽12호선박투자회사,00533836,083590
호반산업,00144766,004320
실리콘화일,00525527,082930
비엔씨컴퍼니,00372989,058370
동북아11호선박투자회사,00529523,083360
동북아14호선박투자회사,00526474,083390
디아이디,00302801,074130
부산방직공업,00124018,025270
현대에이치씨엔동작방송,00255071,034750
플렉스컴,00364926,065270
웹솔루스,00350491,160350
마이스코,00450214,088700
솔트웍스,01022054,222520
현대페인트,00164955,011720
한진해운,00790501,117930
글라소울,00272412,045050
팬택자산관리,00207542,025930
케이엔씨글로벌,00394778,068150
아이디에스,00446460,078780
훈영,00188946,017170
한솔아트원제지,00137702,007190
엠제이비,00418476,074150
바다로3호선박투자회사,00587101,092630
아이팩토리,00351047,053810
거북선5호선박투자회사,00778040,114130
거북선6호선박투자회사,00778059,114140
삼성물산,00126229,000830
피엘에이,00496003,082390
닉스테크,00359030,063840
아시아퍼시픽9호선박투자회사,00510914,081940
거북선4호선박투자회사,00697329,108890
중앙건설,00149664,015110
미래에셋새천년코리아벤처펀드일호,00318839,042950
하나은행,00130897,002860
에이스하이텍,00183260,071930
태창파로스,00246347,039850
평산차업집단유한공사,00599230,950010
스탠다드펌,00970277,179280
벽산건설,00122922,002530
NH농협증권,00116860,016420
아시아퍼시픽4호선박투자회사,00505569,081210
한화화인케미칼,00160612,025850
정다운,00659435,224090
지오엠씨,00232317,033030
에듀패스,00130860,031950
아이디에이치,00113632,026230
거북선7호선박투자회사,00837680,134000
서울상호저축은행,00130815,016560
와이즈파워,00248123,040670
코크렙제15호기업구조조정부동산투자회사,00788807,121550
티브로드한빛방송,00270432,043890
거북선3호선박투자회사,00648697,102000
동성하이켐,00165529,013450
클루넷,00419989,067130
코리아퍼시픽07호선박투자회사,00637114,099210
씨유전자,00361114,056340
삼목강업,00125628,158380
에스비엠,00265227,037630
솔빛미디어,00267669,044440
에프지엔개발전문자기관리부동산투자회사,00693800,119250
판타지오,00991012,187770
현대하이스코,00164469,010520
거북선1호선박투자회사,00586652,092970
코아에스앤아이,00345657,052350
자원메디칼,00810531,181980
삼우이엠씨,00127370,026250
어울림정보기술,00261124,038320
티브로드도봉강북방송,00244729,035210
티이씨앤코,00138127,008900
화인자산관리,00156521,010460
로케트전기,00120377,000420
신일건업,00136970,014350
제일모직,00148328,001300
퓨얼셀파워,00842479,139170
아루히,00907660,950100
지티앤티,00351269,053870
모아에스앤에스,00350251,052880
어울림엘시스,00206127,033280
이코리아자기관리부동산투자회사,00846396,138440
SK,00144155,003600
에이치앤아이,00678281,103650
디에스,00314888,051710
유니드코리아,00653990,110500
아이레보,00451116,072430
포스코티엠씨,00159926,010150
거북선2호선박투자회사,00648688,101380
아시아퍼시픽5호선박투자회사,00512550,082240
아시아퍼시픽7호선박투자회사,00512532,082260
아시아퍼시픽6호선박투자회사,00512541,082250
에스케이제1호기업인수목적,01047929,207930
대우기업인수목적3호,01064315,215580
엔에이치에스엘기업인수목적,01047567,207720
케이티비기업인수목적1호,01043871,204650
미래에셋제3호기업인수목적,01065536,215750
넥솔론,00636045,110570
디피앤케이,00632331,189700
비앤에스미디어,00974459,156170
세화피앤씨,00461690,085980
에스지에이시스템즈,01111057,232290
웨이포트유한공사,00823687,900130
아스팩오일,00318538,232360
하이골드오션2호선박투자회사,00855145,139200
골든브릿지제2호기업인수목적,01046179,206660
대성합동지주,00110495,005620
중국원양자원유한공사,00722500,900050
아시아퍼시픽15호선박투자회사,00533678,083620
하나머스트3호기업인수목적,01047716,208870
신성에프에이,00686147,104120
신성이엔지,00686068,104110
한진피앤씨,00163619,061460
나이코,00967778,192240
대우기업인수목적2호,01038161,204440
에스에스컴텍,00267960,036500
동북아10호선박투자회사,00529310,083350
골든브릿지제3호기업인수목적,01080410,219580
제이앤유글로벌,00413824,086200
케이비제8호기업인수목적,01090301,222390
패션플랫폼,01010572,256090
키움제3호기업인수목적,01075047,218710
유진기업인수목적3호,01089828,221200
한화에이스기업인수목적2호,01087079,219860
엔에이치기업인수목적7호,01072660,217810
교보5호기업인수목적,01091391,223040
케이비드림투게더제3호기업인수목적,01089961,221950
유안타제2호기업인수목적,01089387,219960
에스엠로보틱스,01111765,252940
시냅스엠,01115257,246830
동부제4호기업인수목적,01109186,230490
태경피엔에스,01095892,235090
카카오엠,00130949,016170
썬코어,00202778,051170
케이엠제약,01090921,237720
키움제4호기업인수목적,01102800,226850
도레이케미칼,00148717,008000
디와이엘엔제이,00959265,207230
엔에스브이,00447478,095300
심팩메탈,00163789,090730
씨제이이앤엠,00838421,130960
이베스트기업인수목적3호,01094565,225440
완리인터내셔널홀딩스,00842327,900180
하림홀딩스,00156044,024660
대덕GDS,00109170,004130
위너지스,00207223,026260
스틸플라워,00454265,087220
GRT,01170962,900290
트레이스,00348177,052290
케이비제9호기업인수목적,01111020,232270
하이에이아이1호기업인수목적,01117103,235010
넥스콘테크놀러지,00264644,038990
덴소코리아,00334244,047060
프렉코,00535719,082220
차이나하오란리사이클링유한공사,00790121,900090
원익테라세미콘,00569992,123100
나무기술,00925453,167380
한국제4호기업인수목적,01130937,240540
씨그널엔터테인먼트그룹,00232496,099830
극동자동화,01088458,272420
세원화성,00108047,007910
맵스리얼티1,00600013,094800
세왕,00609254,111610
에스와이제이,01117495,251540
피엠디아카데미,00835734,144740
본느,01119217,242420
트러스와이제7호위탁관리부동산투자회사,00865382,140890
중앙바이오텍,00149877,015170
보진재,00123514,030950
로스웰,01139266,900260
제이에스피브이,01018954,250300
자비스,00921475,230400
미래에셋대우기업인수목적1호,01199985,265480
세종머티리얼즈,00619020,135270
신한제3호기업인수목적,01179839,257730
줌인터넷,01095397,229480
한국비엔씨,01051339,226610
인프라웨어테크놀러지,01113277,247300
한화에이스기업인수목적3호,01197428,264290
씨앤케이인터내셔널,00252755,039530
아이엘사이언스,01181940,122050
포인트엔지니어링,00580180,176560
한컴지엠디,00473400,077280
아이이,00100717,023430
에스티씨라이프,00133317,026220
한화수성기업인수목적,01201581,265920
현대정보기술,00200956,026180
에스케이제3호기업인수목적,01111570,232330
영현무역,01113781,242850
대신밸런스제4호기업인수목적,01194759,262830
썬테크놀로지스,00527880,122800
동양텔레콤,00117638,007150
유쎌,01063963,252370
소프트캠프,00656340,210610
알로이스,01194892,271400
에임하이글로벌,00222806,043580
한국제5호기업인수목적,01234525,271740
해피드림,00389679,065180
동북아13호선박투자회사,00526465,083380
디케이씨,00324104,047440
다린,00410678,204690
하이골드오션8호국제선박투자회사,00930321,159650
더스텔라,00307037,065310
차이나그레이트스타인터내셔널리미티드,00695464,900040
보루네오가구,00123152,004740
케미메디,01086812,205290
씨티네트웍스,00961136,189540
이푸른,00893923,185280
SBI핀테크솔루션즈,00938688,950110
미성포리테크,00530796,094700
파인넥스,00671437,123260
고려개발,00102681,004200
아이비케이에스제7호기업인수목적,01243550,276920
엠에프엠코리아,00814810,251960
티에스트릴리온,01186811,284610
드림티엔터테인먼트,01066030,220110
동북아12호선박투자회사,00526447,083370
맥쿼리인프라,00435297,088980
인터파크,00598587,108790
신한제4호기업인수목적,01243772,277480
크리스탈신소재,01107665,900250
코리아오토글라스,00351418,152330
카이노스메드,00843830,220250
하나유비에스암바토비니켈해외자원개발2호,00647935,099350
하나유비에스암바토비니켈해외자원개발1호,00647883,099340
한국제7호기업인수목적,01277928,291210
에스마크,00100258,030270
글로앤웰,00255141,035480
한화에이스기업인수목적4호,01247918,279410
한국제6호기업인수목적,01257526,281410
신텍,00599887,099660
리드,00601641,197210
위노바,00261735,039790
이매진아시아,00122339,036260
한국아트라스비엑스,00159290,023890
동성화학,00116356,005190
구스앤홈,01337114,329050
엔에이치기업인수목적13호,01336391,310840
웅진에너지,00609485,103130
홈센타홀딩스,00288495,060560
우진,00173944,105840
에스앤씨엔진그룹리미티드,00786331,900080
인화정공,00482426,101930
대원산업,00111874,005710
대동,00109286,000490
일화모직공업,00146719,001590
키움제5호기업인수목적,01337220,311270
삼화콘덴서공업,00129350,001820
유니온,00144252,000910
우진플라임,00303217,049800
라임,00389387,065160
KNN,00208134,058400
삼보판지,00125938,023600
대성파인텍,00442905,104040
하이골드오션12호국제선박투자회사,00954242,172580
서연이화,01036446,200880
금빛,00455112,045890
대한방직,00112970,001070
갤럭시아에스엠,00129554,011420
대선조선,00110307,031990
러셀,01068348,217500
유디피,00612115,091270
케이비제17호기업인수목적,01351114,317030
하나머스트제6호기업인수목적,01326260,307160
컬러레이,01236286,900310
다이노나,00364111,086080
미래테크놀로지,01015726,213090
SBS미디어홀딩스,00650629,101060
특수건설,00186939,026150
오가닉티코스메틱,01169434,900300
유수홀딩스,00163691,000700
코너스톤네트웍스,00194275,033110
지에스홈쇼핑,00207755,028150
세동,00133663,053060
에스지에이클라우드서비스,01137897,224880
성광벤드,00132318,014620
이스트아시아홀딩스,00799070,900110
유안타제4호기업인수목적,01343920,313750
한화에스비아이기업인수목적,01351822,317320
대원전선,00260392,006340
CBI,00151605,013720
이엘케이,00379016,094190
다원시스,00523307,068240
에스에이티,00563147,158300
케이비제18호기업인수목적,01371312,323940
태림포장,00153524,011280
지니언스,00962223,263860
보성파워텍,00267881,006910
DSC인베스트먼트,01109715,241520
이베스트이안기업인수목적1호,01366365,323210
극동유화,00105156,014530
루트락,01262023,253610
그린기술투자,00116073,025340
에스케이에이씨피씨제4호기업인수목적,01336285,307070
오렌지라이프생명보험,00176792,079440
에스제이케이,00366793,080440
세코닉스,00351630,053450
티로보틱스,00867098,117730
넥스피안,00481223,079560
보광산업,00568461,225530
엘피케이로보틱스,00989327,183350
일진홀딩스,00146649,015860
하나기술,00601191,299030
제일파마홀딩스,00148443,002620
플래티어,01454341,367000
조광피혁,00148939,004700
디알젬,00966168,263690
팅크웨어,00438036,084730
레이크머티리얼즈,01255652,281740
인텔리안테크,00664181,189300
라파스,01058101,214260
아이디피,01213586,332370
삼영에스앤씨,00405506,361670
에스피컴텍,00268181,039110
진매트릭스,00552992,109820
씨앤에스자산관리,00173731,032040
엠로,00396925,058970
액트로,01141942,290740
테스,00524421,095610
힘스,00556712,238490
잘만테크,00491336,090120
모바일어플라이언스,00556615,087260
미래컴퍼니,00447760,049950
오토앤,01084294,353590
동일금속,00118284,109860
아바코,00442145,083930
큐에스아이,00411446,066310
프리시젼바이오,01137295,335810
영림원소프트랩,00532129,060850
원준,01459212,382840
파크시스템스,00244747,140860
미원에스씨,01234297,268280
코스메카코리아,00763473,241710
럭스피아,00578325,092590
아바텍,00442048,149950
위월드,00663289,140660
유니크,00147152,011320
에이비온,00977377,203400
오비고,00494546,352910
씨디네트웍스,00493501,073710
한일화학,00267979,007770
디에스케이,00530121,109740
화승코퍼레이션,00166272,013520
금오하이텍,00659815,165270
동양건설산업,00117072,005900
피엔에스커튼월,00107303,033220
제노텍,00393618,066830
애드바이오텍,01022902,179530
제네시스디벨롭먼트홀딩스,00350738,053320
대주코레스,00133715,008340
로보티즈,00946030,108490
범양사,00122728,002480
부산도시가스,00123967,015350
TPC,00108649,048770
우리기술,00231044,032820
뷰웍스,00609324,100120
아이티아이즈,01429840,372800
원림,00143794,005820
캐리소프트,01267222,317530
한일건설,00162780,006440
케이디지엠텍,00183215,032290
케이씨더블류,00175650,068060
에스제이켐,01139497,217910
에이리츠,00860730,140910
프로이천,01359736,321260
율촌화학,00145260,008730
티에이치엔,00118965,019180
삼륭물산,00125488,014970
한국철강,00687711,104700
카페24,00260879,042000
아이케이세미콘,00861100,149010
코리아에셋투자증권,00304915,190650
웰크론,00362159,065950
셀리드,01235296,299660
파마리서치바이오,01066058,217950
알비더블유,01303029,361570
무진메디,01293388,322970
퀀타매트릭스,01311286,317690
엔지켐생명과학,00606886,183490
이지스밸류플러스리츠,01394377,334890
동원금속,00118008,018500
아스플로,00561732,159010
쿠쿠홀딩스,00132354,192400
국제엘렉트릭코리아,00218052,053740
엔스퍼트,00595243,098400
성지건설,00133238,005980
풍원정밀,00417167,371950
안트로젠,00631837,065660
씨엠에스에듀,00914040,225330
한국전자홀딩스,00159254,006200
하나금융14호기업인수목적,01395279,332710
에스케이제5호기업인수목적,01414361,337450
에스케이제6호기업인수목적,01414936,340350
마이크로디지탈,01267967,305090
효성오앤비,00367385,097870
전진바이오팜,00632793,110020
제이엠멀티,01366824,254160
금비,00168401,008870
셰프라인,00142591,012250
원텍,01407909,336570
상상인이안제2호기업인수목적,01390876,329560
SNT에너지,00648721,100840
인터엠,00145914,017250
넥슨지티,00266943,041140
자안바이오,00493431,221610
나인테크,01208849,267320
에스앤케이,01338724,950180
이삭엔지니어링,01135640,351330
신성통상,00136341,005390
배럴,01182240,267790
이엔에프테크놀로지,00530185,102710
에스알바이오텍,01187458,270210
바디텍메드,01046708,206640
스포츠서울,00298687,039670
하이즈항공,00688358,221840
SV인베스트먼트,00599151,289080
화승알앤에이,01532603,378850
고바이오랩,01399071,348150
남선알미늄,00107224,008350
한프,00226228,066110
비지스틸,00872850,179440
세영디앤씨,00347877,052190
비엘사이언스,01067242,228180
이십일스토어,01183407,270020
엔바이오니아,00964595,317870
제이알글로벌리츠,01415892,348950
HB솔루션,00523936,297890
대영포장,00111458,014160
황금에스티,00218575,032560
앱클론,00991191,174900
티티씨디펜스,01350638,309900
남화산업,00245694,111710
세원정공,00134316,021820
엠앤씨생명과학,01116274,225860
비씨엔씨,01301623,146320
케이비제19호기업인수목적,01393299,330990
미래오토스,00872452,176440
한화생명,00113058,088350
양지사,00139685,030960
케이씨티시,00103042,009070
인터코스,01117592,240340
만호제강,00120872,001080
수프로,00830447,185190
바이오에프디엔씨,01160974,251120
럭슬,00264787,033600
압타머사이언스,01265251,291650
쿠쿠홈시스,01267684,284740
에이스토리,00975290,241840
테라셈,00411905,182690
하이제5호기업인수목적,01414370,340120
대동전자,00157104,008110
대백저축은행,00110060,026970
하이골드오션3호선박투자회사,00905316,153360
서남,00867973,294630
레이,00828761,228670
LS네트웍스,00104698,000680
방림,00122348,003610
자이언트스텝,01264438,289220
진로발효,00170877,018120
신영증권,00136721,001720
썬테크,00963000,217320
덱스터,01021949,206560
국전약품,01329957,307750
신대양제지,00135777,016590
미애부,00866594,225850
데이타솔루션,00877819,263800
에스앤에스텍,00411048,101490
삼영전자공업,00127200,005680
전방,00147222,000950
지앤엘,00106456,014590
금강철강,00105475,053260
전북은행,00147295,006350
이구산업,00145464,025820
에치에프알,01108442,230240
태경케미컬,00109161,006890
오디텍,00529815,080520
경방,00101628,000050
토니모리,00816544,214420
로체시스템즈,00363486,071280
미래SCI,00111865,028040
한국화장품,00823429,123690
한국컴퓨터,00303396,054040
클래시스,01061327,214150
린드먼아시아,00616962,277070
유성기업,00174004,002920
테라텍,00665630,151750
큐브엔터,00985686,182360
오이솔루션,00571483,138080
NEW,00974927,160550
보락,00123107,002760
디모아,00125725,016670
레이언스,00899459,228850
광주신세계,00220561,037710
혜인,00165343,003010
제일테크노스,00148595,038010
하이텍팜,00409964,106190
한전KPS,00159218,051600
상보,00129615,027580
JYP Ent.,00258689,035900
나눔테크,01117422,244880
KG케미칼,00101220,001390
인포바인,00491415,115310
코리아써키트,00152686,007810
한일홀딩스,00162993,003300
부산산업,00124027,011390
서진오토모티브,00800145,122690
이화산업,00145686,000760
유비쿼스홀딩스,00411385,078070
옵티시스,00660291,109080
위지트,00258360,036090
슈프리마,01124653,236200
제이에스코퍼레이션,00332927,194370
지어소프트,00389110,051160
네오위즈홀딩스,00266952,042420
SNT모티브,00398792,064960
조광페인트,00148920,004910
네오셈,01170865,253590
엘오티베큠,00484682,083310
미래에셋맵스리츠,01437292,357250
신원,00136864,009270
풍강,00155373,093380
디케이락,00533003,105740
고려신용정보,00336297,049720
SHD,00137809,001770
SH에너지화학,00136457,002360
대양전기공업,00111193,108380
대봉엘에스,00442826,078140
한국전기초자,00159175,009720
플랜티넷,00490179,075130
이노메트리,01258710,302430
맥스로텍,00678096,141070
에스피지,00220686,058610
파버나인,00429694,177830
썸에이지,01049422,208640
아비코전자,00138598,036010
지스마트글로벌,00673976,114570
하림,00857727,136480
코리아에프티,00803425,123410
현대에버다임,00228536,041440
디아이동일,00118345,001530
바이오플러스,00636656,099430
에프엔에스테크,00476036,083500
모나미,00121288,005360
유진스팩9호,01678835,442130
일신방직,00146269,003200
바이오빌,00155382,065940
대한과학,00608316,131220
KB오토시스,00157539,024120
그리티,00671978,204020
샘표,00130091,007540
아세아제지,00138729,002310
유진테크,00531014,084370
핑거스토리,01584934,417180
동일산업,00172936,004890
YBM넷,00307222,057030
인터플렉스,00369170,051370
천일고속,00151395,000650
에이팸,00235147,073070
예스티,00530556,122640
스튜디오산타클로스,01046203,204630
크라운해태홀딩스,00153126,005740
에스에이엠티,00128661,031330
인지소프트,00641171,100030
뉴프렉스,00493510,085670
에프에스티,00223434,036810
서한,00131504,011370
웹스,00864338,196700
아이티엠반도체,00579980,084850
세화피앤씨,01169267,252500
서부T&D,00130383,006730
일지테크,00146560,019540
프로텍,00325112,053610
에프엔씨엔터,00925295,173940
비아트론,00610083,141000
노브메타파마,01065785,229500
이엠네트웍스,00496225,087730
차백신연구소,01141599,261780
엔에이치스팩27호,01677429,440820
진에어,00653024,272450
한솔홈데코,00203582,025750
로보로보,01063990,215100
필옵틱스,00938721,161580
대정화금,00250997,120240
슈프리마에이치큐,00599957,094840
하스코,00116806,012760
E1,00165583,017940
메리츠금융지주,00860332,138040
에스케이엔펄스,00307189,057500
하나금융25호스팩,01669475,435620
엔에이치스팩26호,01675254,439410
엔에이치스팩25호,01674468,438580
SK텔레콤,00159023,017670
LX홀딩스,01562589,383800
STX,00138297,011810
한국큐빅,00160010,021650
한국카본,00159795,017960
신흥에스이씨,00807379,243840
진원생명과학,00118521,011000
엘에이티,01264234,311060
LS,00105952,006260
KC산업,00366517,112190
KH바텍,00378628,060720
천보,00897752,278280
경남스틸,00206039,039240
한국화장품제조,00160621,003350
미래에셋벤처투자,00340096,100790
우원개발,00363246,046940
대상홀딩스,00539274,084690
이글벳,00145473,044960
케이피티유,00357607,054410
아이윈,00365624,090150
코람코더원리츠,01180118,417310
신원종합개발,00136925,017000
씨유테크,00575106,376290
큐라클,01397772,365270
아이비케이에스제13호기업인수목적,01440481,351340
예선테크,01166109,250930
원티드랩,01441611,376980
제이엠티,00533508,094970
큐캐피탈,00267942,016600
웹젠,00405320,069080
시노펙스,00203023,025320
비스토스,01506848,419540
티쓰리,00609661,204610
교보13호스팩,01677678,440790
성도이엔지,00216498,037350
에스티아이,00298340,039440
카카오페이,01244601,377300
한국씨티은행,00161444,016830
하이트진로,00150244,000080
자비스,01174038,254120
케이엠제약,01095704,225430
마이크로엔엑스,01206717,448780
서암기계공업,00166528,100660
대구백화점,00108977,006370
알에스오토메이션,00858124,140670
현대에이치티,00255044,039010
퍼스텍,00148522,010820
오픈베이스,00335076,049480
송원산업,00134963,004430
멕아이씨에스,00270113,058110
카카오뱅크,01133217,323410
케이씨에스,00441650,115500
삼화페인트공업,00129387,000390
삼일,00127909,032280
인포뱅크,00243757,039290
빅솔론,00478900,093190
신영해피투모로우제6호기업인수목적,01419986,344050
케이씨텍,01261893,281820
광주은행,01028164,192530
에코솔루션,00346966,052510
케이비제20호기업인수목적,01418543,342550
조비,00148948,001550
핌스,01405390,347770
데이터스트림즈,00553025,199150
부산주공,00124151,005030
한국단자공업,00157070,025540
엔젯,01587056,419080
아이퀘스트,01146822,262840
코셋,00965062,189350
파이버프로,01513440,368770
제노코,01014718,361390
자유투어,00343127,046840
와이엠씨,00870861,155650
브이씨,01354740,365900
피델릭스,00189538,032580
파워넷,00231354,037030
두산밥캣,01032486,241560
GH신소재,00491938,130500
SK리츠,01535150,395400
디티앤씨알오,01437432,383930
에스텍,00306719,069510
동양에스텍,00178851,060380
아이컴포넌트,00407285,059100
휴맥스홀딩스,00219440,028080
쎄니트,00239596,037760
성원,00133089,015200
타이드,01309069,346010
오리온홀딩스,00117577,001800
유안타제7호기업인수목적,01504804,367460
대성하이텍,00577335,129920
노루홀딩스,00113508,000320
태양금속공업,00153755,004100
성신양회,00132804,004980
에스제이그룹,01222432,306040
ESR켄달스퀘어리츠,01437186,365550
플레이디,00862853,237820
현대위아,00106623,011210
케이피에프,00157636,024880
엔터미디어,00407975,068420
진성티이씨,00174208,036890
영화테크,00659976,265560
헝셩그룹,01160512,900270
탈로스,01020269,434190
원익피앤이,00785475,131390
HB테크놀러지,00255275,078150
우진아이엔에스,00143262,010400
한농화성,00160861,011500
덕성,00114093,004830
상아프론테크,00181299,089980
가온칩스,01364747,399720
모보,00347442,051810
세진중공업,00415628,075580
신한,00173740,005450
램테크놀러지,00654272,171010
서린바이오,00373447,038070
아세아시멘트,00990165,183190
아이엠텍,00809517,226350
호텔신라,00165680,008770
한국정보통신,00159342,025770
선익시스템,00327819,171090
한국정밀기계,00257732,101680
핸디소프트,00793155,220180
금화피에스시,00176516,036190
풍산,00684714,103140
삼성전기,00126371,009150
하이트진로홀딩스,00148993,000140
이노션,00565154,214320
파인엠텍,01686755,441270
제이엘케이,01153293,322510
에이치디씨영창,00141282,001890
LF,00593032,093050
SG세계물산,00133511,004060
유니퀘스트,00414601,077500
동아화성,00199988,041930
조은저축은행,00136095,031920
유엔젤,00416654,072130
경동도시가스,01208885,267290
경인전자,00102140,009140
에스씨디,00171867,042110
나노엔텍,00230425,039860
정상제이엘에스,00287788,040420
EMB,01117246,278990
미스터블루,01047840,207760
테크트랜스,01246742,258050
이노진,01419135,344860
갤럭시아머니트리,00587457,094480
부스타,00124276,008470
케이에스피,00328191,073010
피에이치에이,00155151,043370
경동인베스트,00143527,012320
블루탑,00611286,191600
아가방컴퍼니,00138446,013990
YW,00296263,051390
파워로직스,00269612,047310
엔피디,00876643,198080
성우테크론,00350482,045300
국순당,00256715,043650
BGF,00219097,027410
삼일기업공사,00127936,002290
태원물산,00154055,001420
네오티스,00447928,085910
SK가스,00144164,018670
더네이쳐홀딩스,01214743,298540
한국주강,00159564,025890
와이솔,00759294,122990
디아이씨,00112165,092200
서원인텍,00445799,093920
대덕,00109189,008060
효성티앤씨,01316227,298020
LG헬로비전,00222532,037560
대덕전자,01478712,353200
신영스팩8호,01656374,430220
에이엔피,00143314,015260
아세아,00138701,002030
엔에이치엔,00983271,181710
성우전자,00364306,081580
한네트,00244783,052600
대원화성,00112022,024890
제일기획,00148276,030000
안랩,00298270,053800
유엑스엔,01396931,337840
코메론,00152783,049430
현대로템,00302926,064350
경남에너지,00101336,008020
폴루스바이오팜,00167280,007630
금강공업,00105299,014280
대신증권,00110893,003540
신영스팩9호,01689938,445970
효성화학,01316236,298000
원익머트리얼즈,00623661,104830
DB손해보험,00159102,005830
주노콜렉션,01076550,221670
인탑스,00226866,049070
벽산,00122898,007210
패션플랫폼,01101041,225590
신세계톰보이,00132488,012580
라닉스,01327092,317120
아이앤씨,00365758,052860
메지온,00808022,140410
한국월드와이드베트남부동산개발특별자산1호투자회사,00626710,096300
한국콜마,00939331,161890
우수AMS,00301422,066590
원익,00210980,032940
우리로,00296005,046970
우리산업,01077577,215360
롯데관광개발,00231372,032350
하츠,00221728,066130
아나패스,00761952,123860
삼화전기,00129271,009470
현대코퍼레이션,00164812,011760
포메탈,00188797,119500
지에프씨생명과학,01221752,388610
하나금융15호기업인수목적,01416457,341160
웨이브일렉트로,00526696,095270
한독크린텍,01069736,256150
씨엔플러스,00660033,115530
켐온,01070857,217600
코리아센터,00540340,290510
씨앤에스링크,01116380,245450
더존비즈온,00172291,012510
이엘피,00374020,063760
스튜디오미르,01139965,408900
박셀바이오,01335851,323990
이노와이어리스,00462121,073490
이엠넷,00616290,123570
현대리바트,00300548,079430
링크제니시스,01109955,219420
오픈엣지테크놀로지,01571107,394280
한섬,00188089,020000
금호석유화학,00106368,011780
위즈코프,00264228,038620
육일씨엔에쓰,00843900,191410
CS홀딩스,00149026,000590
유아이엘,00256380,049520
흥구석유,00167004,024060
이랜시스,01199189,264850
피앤텔,00302120,054340
대창스틸,00112721,140520
제닉,00624998,123330
부국철강,00123781,026940
에스디시스템,00604815,121890
그린케미칼,00454946,083420
풍림산업,00155498,001310
알에프텍,00309831,061040
미코,00366942,059090
한국가스공사,00261285,036460
더블유씨피,01291317,393890
우성아이비,01011562,194610
디와이씨,01336443,310870
유티아이,00961774,179900
비츠로셀,00154718,082920
파인디앤씨,00350020,049120
디와이홀딩스,00117382,004510
삼목에스폼,00125646,018310
서흥,00131692,008490
팬오션,00122737,028670
메가스터디,00422284,072870
비비안,00107677,002070
유진로봇,00234227,056080
이화공영,00145668,001840
에이치시티,00527464,072990
솔본,00249982,035610
DSR,00110608,155660
미래나노텍,00526836,095500
네온테크,01325429,306620
디와이파워,01059605,210540
두함지개발,00131328,016140
휴림로봇,00540429,090710
디지털대성,00398808,068930
엠소닉,00124577,008120
원익큐브,00128175,014190
케어룸의료산업,01344752,327970
DB,00163345,012030
해원에스티,00252001,058480
퍼시스,00161709,016800
옴니시스템,00265005,057540
아이텍,00626011,119830
액토즈소프트,00348034,052790
네오펙트,01246034,290660
에이펙스인텍,00832700,207490
레인보우로보틱스,01261644,277810
펌텍코리아,00761059,251970
바이오노트,00622787,377740
지디,00676122,155960
신송홀딩스,00136402,006880
이베스트기업인수목적5호,01436336,349720
핸즈코퍼레이션,00119140,143210
풍국주정,00155452,023900
덕산테코피아,01021666,317330
성창기업지주,00133335,000180
심팩인더스트리,00123648,005350
유니온머티리얼,00369833,047400
유진증권,00131054,001200
실리콘투,00982023,257720
인터지스,00151368,129260
제룡전기,00185356,033100
이엠티,00925967,232530
지역난방공사,00159698,071320
삼천리,00128555,004690
대창단조,00112679,015230
선광,00131896,003100
퓨전,01113949,195440
큐리언트,01042650,115180
브리지텍,00359076,064480
나노신소재,00439965,121600
씨엔알리서치,01487446,359090
한국내화,00160205,010040
네오위즈,00628860,095660
디젠스,00576789,113810
코위버,00360674,056360
PN풍년,00133557,024940
얼라인드,01073678,238120
일레덱스홀딩스,00268011,033550
삼화전자공업,00129280,011230
오리엔탈정공,00141608,014940
다함이텍,00130046,009280
아진엑스텍,00404288,059120
승일,00135467,049830
피에스케이,01365825,319660
SNT홀딩스,00225159,036530
대한유화,00260383,006650
티이엠씨,01301252,425040
칩스앤미디어,00579971,094360
질경이,01063556,233990
이글루,00364847,067920
아이디스,00883980,143160
금호전기,00106395,001210
다산네트웍스,00268251,039560
윌비스,00104999,008600
인터로조,00604426,119610
진바이오텍,00491053,086060
쿠첸,01102095,225650
무학,00121543,033920
아이디스홀딩스,00359580,054800
유한양행,00145109,000100
NE능률,00363927,053290
아즈텍WB,00201131,032080
DSR제강,00151298,069730
신화콘텍,00925189,187270
한국스탠다드차타드은행,00148504,000110
성문전자,00132628,014910
엠게임,00397058,058630
알테오젠,00989619,196170
엘리비젼,01119651,276240
엘티씨,00866062,170920
코텍,00305297,052330
한미글로벌,00413523,053690
크린앤사이언스,00185222,045520
안지오랩,01115044,251280
우신시스템,00142883,017370
코맥스,00268118,036690
지앤이헬스케어,01188749,299480
아난티,00161781,025980
노랑풍선,00632845,104620
에스티오,00612188,098660
JB금융지주,00980122,175330
휴엠앤씨,01185566,263920
하이딥,01505186,365590
대신밸런스제14호스팩,01696451,442310
에스앤더블류,00137012,103230
에스티큐브,00273110,052020
디아이,00118275,003160
에이치케이,00235183,044780
코이즈,00807397,121850
동방아그로,00115384,007590
소리바다,00352718,053110
세보엠이씨,00133876,011560
케이옥션,00668600,102370
한국자산신탁,00404701,123890
GS,00500254,078930
교보증권,00113359,030610
삼성스팩7호,01675227,439250
현대바이오랜드,00347062,052260
파인디지털,00264732,038950
링네트,00352499,042500
유니트론텍,00879020,142210
디지아이,00295547,043360
태양,00186717,053620
대주전자재료,00177816,078600
대원미디어,00351807,048910
제일연마,00148461,001560
바이오프로테크,00669450,199290
재영솔루텍,00147082,049630
아이씨디,00298377,040910
SG,00963976,255220
원바이오젠,01326224,307280
NH프라임리츠,01391033,338100
디씨엠,00177199,024090
대륙제관,00109587,004780
한세예스24홀딩스,00161976,016450
유에스티,01196313,263770
바이오톡스텍,00447502,086040
중앙에너비스,00149770,000440
감성코퍼레이션,00261009,036620
티엘엔지니어링,01583953,413300
화신,00166315,010690
제이스텍,00493185,090470
툴코리아,00555740,110660
동양철관,00117629,008970
현진소재,00188715,053660
하이스틸,00435312,071090
드림씨아이에스,00916826,223250
덴티스,01187494,261200
오션스톤,01388631,329020
엔에이치스팩24호,01674538,437780
켈스,01507722,402420
이오테크닉스,00246417,039030
제주항공,00555874,089590
바이오다인,01117413,314930
세진티에스,00406727,067770
LG,00120021,003550
제낙스,00201788,065620
에스지피엠,00447982,074000
한국금융지주,00432102,071050
우리기술투자,00231664,041190
대한항공,00113526,003490
동남합성,00115065,023450
석경에이티,00921916,357550
한일단조,00162832,024740
파루,00266934,043200
리노공업,00369657,058470
삼보모터스,00351092,053700
비나텍,00563518,126340
우리엔터프라이즈,00155692,037400
코웨이,00170558,021240
하나투어,00269940,039130
엑사이엔씨,00360577,054940
코스모신소재,00129989,005070
한글과컴퓨터,00204262,030520
쎌바이오텍,00357430,049960
와이지-원,00139719,019210
파세코,00238153,037070
기산텔레콤,00258421,035460
신테카바이오,01344336,226330
LG화학,00356361,051910
서울옥션,00410915,063170
엔시트론,00641393,101400
미래에셋글로벌리츠,01576102,396690
디알텍,01062867,214680
매직마이크로,00806972,127160
CJ,00148540,001040
우리산업홀딩스,00359623,072470
에이원알폼,00614089,234070
엘컴텍,00242712,037950
바이오스마트,00240857,038460
상상인,00306162,038540
에쎈테크,00203209,043340
삼양통상,00127042,002170
에이티넘인베스트,00161462,021080
기아,00106641,000270
코오롱글로벌,00152880,003070
SIMPAC,00138260,009160
롯데지주,00120562,004990
일진파워,00485177,094820
레드캡투어,00261355,038390
현대엘리베이터,00164724,017800
텔레칩스,00423177,054450
폭스소프트,01418260,354230
디지틀조선,00231442,033130
헥토이노베이션,01013311,214180
YG PLUS,00249247,037270
티에프이,01035368,425420
신도기연,00961570,290520
하림지주,00148364,003380
삼지전자,00128315,037460
에스에이티,00379229,060540
케이프이에스제4호기업인수목적,01428249,347140
참존글로벌,00923899,158310
두산에너빌리티,00159616,034020
코미코,00997812,183300
동운아나텍,00695969,094170
에넥스,00139764,011090
푸른기술,00537832,094940
한솔케미칼,00140955,014680
팍스넷,00334624,038160
메이슨캐피탈,00136101,021880
엔비티,01051065,236810
삼현철강,00128926,017480
아이쓰리시스템,00612489,214430
에이스침대,00140052,003800
현우산업,00367455,092300
전우정밀,00673301,120780
타임기술,01345724,318660
휴코드홀딩스,00165361,036840
금호에이치티,00105606,214330
세기상사,00133618,002420
핑거,01142075,163730
유라테크,00201742,048430
빛샘전자,00359261,072950
판도라티비,00541862,202960
비엔케이제1호스팩,01689336,445360
세방,00133812,004360
셀바스AI,00666064,108860
에이루트,00608839,096690
엔솔바이오사이언스,01018802,140610
엘디티,00540571,096870
한창산업,00202839,079170
인바이오,00367871,352940
피씨엘,01051092,241820
부국증권,00123772,001270
이씨에스,00400060,067010
한국수출포장공업,00158112,002200
루닛,01397620,328130
네오리진,00599106,094860
아진산업,00139083,013310
한일철강,00163196,002220
녹십자홀딩스,00108135,005250
사조대림,00109718,003960
나노,00994994,187790
TJ미디어,00201733,032540
강남제비스코,00100939,000860
셀바스헬스케어,01047451,208370
한국비엔씨,01179617,256840
영우디에스피,00569646,143540
삼성출판사,00423690,068290
카스,00152260,016920
휴비츠,00398668,065510
이브이첨단소재,00533924,131400
유비온,00531078,084440
이미지스,00694942,115610
에스폴리텍,00340272,050760
골프존,01067516,215000
오파스넷,00867849,173130
SG글로벌,00152039,001380
KPX홀딩스,00587466,092230
켄코아에어로스페이스,01158553,274090
영화금속,00141413,012280
풀무원식품,00684732,103160
키네마스터,00535375,139670
동양파일,00993931,228340
동방,00115287,004140
화승엔터프라이즈,01128613,241590
CJ 바이오사이언스,01071041,311690
두산건설,00102760,011160
조선선재,00796994,120030
유진기업인수목적6호,01514519,373340
다스코,00353878,058730
클리오,00957735,237880
하나29호스팩,01724417,454640
청호ICT,00151863,012600
LB세미콘,00412348,061970
피엠티,00654175,147760
크래프톤,00760971,259960
청광건설,00599489,140290
인크로스,00819073,216050
BYC,00122579,001460
코츠테크놀로지,00959210,448710
데이드림엔터테인먼트,01343735,348840
THE E&M,00519252,089230
제이아이테크,01367586,417500
잉글우드랩,01165739,950140
레이저쎌,01573381,412350
에스제이엠,00815369,123700
하나28호스팩,01724338,454750
SFA반도체,00301246,036540
큐렉소,00356802,060280
에이텍모빌리티,01099861,224110
지엠비코리아,00156354,013870
네오팜,00551920,092730
필에너지,01488320,378340
미래산업,00197759,025560
에이블씨엔씨,00400857,078520
한전산업,00194947,130660
SK증권제10호스팩,01744703,457940
엔에이치스팩29호,01712616,451700
KB제25호스팩,01724709,455250
유투바이오,01026616,221800
BGF리테일,01263022,282330
아이비케이에스제17호기업인수목적,01591606,405350
DS단석,00108612,017860
하나30호스팩,01791321,469880
삼성기업인수목적4호,01528530,377630
티케이케미칼,00693554,104480
콜마비앤에이치,01032404,200130
신한은행,00149293,000010
케이엔더블유,00606664,105330
케이비제23호기업인수목적,01676989,440200
세니젠,01305869,188260
KB제27호스팩,01785551,464680
쏘닉스,00561723,088280
데코앤에프,00112819,017680
에이치엠씨아이비제4호기업인수목적,01447217,353070
트레스,00299358,102210
미래에셋드림스팩1호,01683387,442900
SNT다이내믹스,00134477,003570
S-Oil,00138279,010950
한국무브넥스,00160418,010100
하나금융19호기업인수목적,01568875,388220
팸텍,01146220,271830
이수화학,00145552,005950
케이엔솔,00304076,053080
흥국,00167031,010240
도이치모터스,00449379,067990
DN오토모티브,00116949,007340
삼진엘앤디,00239514,054090
주연테크,00269241,044380
다이오진,01163050,271850
대보마그네틱,01259418,290670
스맥,00580056,099440
세아메탈,00206084,033020
에코앤드림,00619640,101360
캐스텍코리아,00302582,071850
마니커에프앤지,00770312,195500
브릿지바이오,01227039,288330
에이치엠씨제6호스팩,01767494,462020
넥스틸,00220613,092790
SAMG엔터,01082418,419530
태양3C,00302236,052960
윙입푸드,01328639,900340
대동금속,00191287,020400
씨티케이,01144028,260930
다우기술,00176914,023590
대원모방,01195828,311840
대신밸런스제11호기업인수목적,01580178,397500
유안타제8호기업인수목적,01504910,367480
율촌,00495633,146060
휴맥스,00787057,115160
한화갤러리아타임월드,00117258,027390
LX인터내셔널,00120076,001120
피씨디렉트,00297934,051380
엠케이전자,00121686,033160
KSS해운,00160232,044450
인베니아,00409371,079950
LG전자,00401731,066570
크레버스,00525882,096240
산돌,01516368,419120
SK디앤디,00508344,210980
유일에너테크,01368637,340930
디케이앤디,00892526,263020
케스피온,00479705,079190
마음AI,01297898,377480
엑셈,01042085,205100
아이비김영,01414422,339950
누리플랜,00410997,069140
제이에스티나,00120289,026040
메가엠디,00807555,133750
스톤브릿지벤처스,01305249,330730
엘엠에스,00494218,073110
오픈놀,01585155,440320
미래에셋증권,00111722,006800
에코바이오,00287812,038870
나무기술,01136348,242040
엠아이큐브솔루션,01497142,373170
디에스티,00244419,033430
파두,01292291,440110
에스엠벡셀,00147860,010580
케이알엠,00536888,093640
제이에스전선,00140362,005560
에이치엠씨아이비제5호기업인수목적,01447244,353060
하나26호스팩,01696275,446750
멀티캠퍼스,00425351,067280
대신밸런스제10호기업인수목적,01567520,387310
화성밸브,00217743,039610
삼정펄프,00128227,009770
엔에이치스팩30호,01785056,466910
넥스틴,01080252,348210
세림B&G,01416572,340440
하우리,00352000,049130
KH 필룩스,00193009,033180
아센디오,00145437,012170
한국제13호스팩,01775952,464440
강원랜드,00255619,035250
엘아이에스,00670085,138690
케이엔에스,01402995,432470
웰킵스하이텍,00260611,043590
NICE,00158316,034310
아모레퍼시픽,00583424,090430
엔에이치기업인수목적19호,01535257,380440
압타바이오,01251595,293780
지니너스,01494154,389030
나라셀라,01021639,405920
에스지신성건설,00173661,001970
우진비앤지,00103547,018620
롯데에너지머티리얼즈,00113997,020150
원풍,00144012,008370
동화기업,00173032,025900
STX엔진,00480455,077970
신화인터텍,00228350,056700
씨큐브,00520610,101240
뿌리깊은나무들,00990396,266170
에스와이스틸텍,01135084,365330
세명전기,00133751,017510
모베이스전자,00137234,012860
라온시큐어,00255433,042510
다날,00389970,064260
와이엠티,00602172,251370
디에스앤엘,00812362,141020
서울리거,00305570,043710
미원홀딩스,00706715,107590
DMS,00361594,068790
한컴위드,00363592,054920
이비테크,01116344,208850
DXVX,00995993,180400
DGP,00367695,060900
동양이엔피,00178790,079960
라온테크,00911229,232680
금호건설,00106313,002990
토비스,00390365,051360
한주라이트메탈,00156600,198940
제이엔비,01309421,452160
코세스,00365934,089890
청담글로벌,01534577,362320
파인테크닉스,00755739,106240
대성산업,00828789,128820
에스엘에스바이오,01112700,246250
체시스,00125576,033250
유비쿼스,01203376,264450
한싹,01602638,430690
골드앤에스,00249502,035290
현대제철,00145880,004020
이성씨엔아이,01365384,379390
디비금융제10호기업인수목적,01591262,404950
한빛레이저,00607496,452190
까뮤이앤씨,00129420,013700
미원화학,00855163,134380
이퓨쳐,00788737,134060
케이엑스넥스지,00584362,081970
메디젠휴먼케어,01023822,236340
티사이언티픽,00372688,057680
알멕,00229030,354320
롯데리츠,01363818,330590
라온텍,00965512,418420
가온그룹,00441304,078890
와이씨켐,00619507,112290
프로티아,01267958,303360
프로젠,01156795,296160
캡스톤파트너스,01497124,452300
폴라리스오피스,00269852,041020
동부건설,00115612,005960
한화손해보험,00135917,000370
동국알앤에스,00472890,075970
삼원강재,00191588,023000
삼양패키징,01060814,272550
엔에이치기업인수목적22호,01576713,396770
슈어소프트테크,01012640,298830
이노시뮬레이션,00965318,274400
교보14호스팩,01760640,456490
HLB테라퓨틱스,00552859,115450
모두투어,00456218,080160
맘스터치앤컴퍼니,01089855,220630
베셀,00813389,177350
SK오션플랜트,00480367,100090
삼영,00127255,003720
톱텍,00531917,108230
매커스,00596677,093520
미래에셋대우기업인수목적5호,01450105,353490
트루엔,01134216,417790
KG스틸,00115676,016380
넥슨게임즈,01096341,225570
대신밸런스제12호기업인수목적,01631658,426670
넥스트아이,00614593,137940
경남은행,01030132,192520
바다로19호선박투자회사,00910947,155900
씨엑스아이,00800084,900120
디비금융제9호기업인수목적,01505469,367360
도화엔지니어링,00114552,002150
NI스틸,00116301,008260
모헨즈,00163318,006920
디와이,00117179,013570
대성미생물,00177320,036480
문배철강,00121570,008420
제이브이엠,00361381,054950
WISCOM,00142865,024070
파트론,00490151,091700
한선엔지니어링,00958451,452280
SBS,00130772,034120
아세아텍,00138747,050860
해성옵틱스,00483735,076610
제이웨이,00359474,058420
동성화인텍,00231105,033500
엠투아이,00670766,347890
세아특수강,00133991,019440
우진엔텍,01030503,457550
대신밸런스제17호스팩,01792825,471050
케이티알파,00260958,036030
에이치와이티씨,00885906,148930
대신밸런스제16호스팩,01738483,457630
웅진,00143651,016880
TS인베스트먼트,00778235,246690
앱코,01207716,129890
HL만도,01042775,204320
우리금융지주,01350869,316140
티비씨,00204642,033830
한진,00163512,002320
모비데이즈,01493535,363260
인팩,00180795,023810
비엠티,00524786,086670
진양홀딩스,00646732,100250
애니플러스,01335578,310200
아이오바이오,01680131,447690
엠씨넥스,00564562,097520
KB스타리츠,01622720,432320
길교이앤씨,00874797,456700
한화플러스제4호스팩,01725160,455310
하이제6호기업인수목적,01526949,377400
삼보오토,00430089,070080
엘앤에프,00398701,066970
한국ANKOR유전,00907013,152550
뉴인텍,00105040,012340
정원엔시스,00147772,045510
케이프,00152437,064820
소프트센,00204226,032680
부방,00243067,014470
디에이피,00303192,066900
키이스트,00353762,054780
유성티엔에스,00173999,024800
한빛소프트,00348292,047080
포스뱅크,00862312,105760
하나27호스팩,01700374,448370
아퓨어스,00578130,149300
로지스몬,01060735,223220
프럼파스트,00356389,035200
HLB생명과학,00365590,067630
무송지오씨,00657756,135160
자연과환경,00418379,043910
한국항공우주,00309503,047810
에이디칩스,00356927,054630
센코,01023318,347000
한국제10호기업인수목적,01596665,409570
HB인베스트먼트,00309460,440290
메카로,00652007,241770
케이엔제이,00769158,272110
협진,00808068,138360
지노믹트리,01108248,228760
모다,00757816,149940
카이노스메드,01263527,284620
경인양행,00102113,012610
이연제약,00145598,102460
이상네트웍스,00454399,080010
나노캠텍,00542074,091970
코스텍시스,01476219,355150
베노티앤알,01043853,206400
티비에이치글로벌,00409672,084870
손오공,00306870,066910
나우코스,00425254,257990
우리넷,00664048,115440
하나금융23호기업인수목적,01652970,427950
어보브반도체,00591441,102120
진코스텍,01158632,250030
써니전자,00138057,004770
퓨쳐켐,01053540,220100
씨앤지하이테크,00605328,264660
DL,00109693,000210
연우,00372253,115960
컴퍼니케이,00598198,307930
앤씨앤,00537337,092600
SK증권제11호스팩,01797440,472230
비올,01406618,335890
꿈비,01586455,407400
원익QnC,00468374,074600
지유온,00689418,111820
유니셈,00260569,036200
한화리츠,01669226,451800
KC그린홀딩스,00159971,009440
파로스아이바이오,01495180,388870
퓨런티어,01357446,370090
에코아이,01218299,448280
내츄럴엔도텍,00923792,168330
제놀루션,01062177,225220
DH오토리드,01182578,290120
유진스팩10호,01787072,468760
JW신약,00110431,067290
하나31호스팩,01791561,469900
비엔케이제2호스팩,01800285,473370
KH 건설,01097906,226360
동인기연,00367710,111380
인텍플러스,00479787,064290
메리츠화재해상보험,00117744,000060
미래아이앤지,00104786,007120
아모그린텍,00611912,125210
경농,00101433,002100
미래엔에듀파트너,00876209,208890
화일약품,00188973,061250
이스트소프트,00273420,047560
제이오,00411808,418550
상상인제4호스팩,01717170,452670
싸이버원,01293953,356890
아이패밀리에스씨,00692254,114840
지에스이,00351995,053050
대림통상,00109824,006570
지투파워,01462605,388050
펨트론,00957373,168360
포바이포,01513699,389140
삼성공조,00126201,006660
상신전자,00760999,263810
코아시아,00271501,045970
흥국에프엔비,00916516,189980
애큐온저축은행,00111014,007640
피코그램,00604028,376180
유니드,00159786,014830
엔에스쇼핑,00406392,138250
하이제8호스팩,01705625,450050
컨텍,01685251,451760
파수,00638487,150900
브레인즈컴퍼니,00642897,099390
아이비케이에스제19호기업인수목적,01632851,426550
크루셜텍,00618401,114120
유니드비티플러스,01702017,446070
비보존 제약,00533191,082800
세경하이테크,00913689,148150
아우딘퓨쳐스,01080687,227610
플리토,01237434,300080
NAVER,00266961,035420
시스웍,01188378,269620
지성이씨에스,00890388,138290
티피씨글로벌,00578538,130740
케이비증권,00164876,003450
코스텍시스템,00610861,169670
하나금융16호기업인수목적,01419384,343510
삼성스팩8호,01700921,448740
엔브이에이치코리아,00146436,067570
유니테크노,00531865,241690
이수스페셜티케미컬,01762569,457190
범양건영,00122694,002410
오로라,00141556,039830
이리츠코크렙,00544452,088260
아이크래프트,00405719,052460
와토스코리아,00455875,079000
그린플러스,00602279,186230
에스피시스템스,00624749,317830
하나금융지주,00547583,086790
EG,00261054,037370
피엔아이컴퍼니,00990563,242350
신한제7호기업인수목적,01514528,366330
타스컴,01118139,336040
삼성물산,00149655,028260
이노뎁,01264872,303530
휴마시스,01042979,205470
BNK금융지주,00858364,138930
더블유에스아이,01318261,299170
진시스템,01437858,363250
한샘,00161693,009240
새로닉스,00147994,042600
핀텔,01524507,291810
현대지에프홀딩스,00105280,005440
휴림에이텍,00230814,078590
아이에이치큐,00154426,003560
샌즈랩,01242241,411080
엠피씨플러스,00302078,050540
밸로프,01398151,331520
HLB제약,00336817,047920
사조씨푸드,00124780,014710
삼성화재해상보험,00139214,000810
화천기계,00166500,010660
대성에너지,00787376,117580
엔에스엠,01011872,238170
피노텍,00990262,150440
티케이지휴켐스,00426086,069260
원익IPS,01135941,240810
삼진,00173351,032750
비엔에프머티리얼즈,01221947,271780
큐로홀딩스,00296324,051780
넥스트칩,01515864,396270
하나머스트7호기업인수목적,01513404,372290
사피엔반도체,01676642,452430
제테마,01222867,216080
푸드웰,00165103,005670
샤페론,01387164,378800
메드팩토,01336373,235980
나노팀,01524118,417010
미원상사,00121932,002840
예스24,00362858,053280
코오롱생명과학,00525642,102940
폴라리스세원,00617998,234100
서전기전,00869272,189860
HL홀딩스,00299002,060980
LG생활건강,00356370,051900
테크윙,00535676,089030
오로스테크놀로지,01016479,322310
이니텍,00353610,053350
에스디생명공학,01099667,217480
스페이스솔루션,00664288,245030
루켄테크놀러지스,00886792,162120
큐알티,01033591,405100
미주제강,00115472,002670
바이오인프라,01110058,199730
에스케이바이오팜,00878696,326030
LB인베스트먼트,00231901,309960
SK케미칼,01267170,285130
피제이전자,00155735,006140
에스제이엠홀딩스,00181943,025530
에스에프씨,00450339,112240
후성,00595191,093370
KB손해보험,00120216,002550
신성이엔지,00136271,011930
케이웨더,00426828,068100
조일알미늄,00149239,018470
큐리옥스바이오시스템즈,01498974,445680
엠플러스,00833064,259630
노드메이슨,01328170,317860
자람테크놀로지,01365038,389020
엑스페릭스,01231786,317770
디비금융제8호기업인수목적,01505450,367340
피엔티,00612294,137400
KG이니시스,00264547,035600
가온전선,00104768,000500
KG모빌리언스,00405278,046440
DRB동일,00118266,004840
포인트엔지니어링,01179608,256630
신한지주,00382199,055550
아톤,00595182,158430
지엔씨에너지,00626464,119850
디케이티,01137903,290550
소마젠,01442115,950200
라이콤,01569102,388790
흥아해운,00167208,003280
볼빅,00756163,206950
LS머트리얼즈,01528141,417200
케이맥,00297961,043290
티움바이오,01335930,321550
뷰티스킨,01147487,406820
이노인스트루먼트,01065679,215790
엔에이치기업인수목적28호,01705777,450410
씨싸이트,00492706,109670
브이티,00150165,018290
SK증권제9호스팩,01725577,455910
이루온,00390514,065440
하이록코리아,00165060,013030
롯데렌탈,00545716,089860
PI첨단소재,00767460,178920
일진하이솔루스,00972503,271940
정다운,01047415,208140
HD현대건설기계,01205842,267270
큐라켐,01205514,456190
BGF에코머티리얼즈,00599595,126600
오리엔트바이오,00141626,002630
국일제지,00104573,078130
피엔티엠에스,01144569,257370
엔지브이아이,00521433,093510
모아데이타,01423837,288980
덕우전자,00571298,263600
광전자,00152729,017900
기가비스,00765569,420770
에코볼트,00562360,097780
비덴트,00693651,121800
나노씨엠에스,00660459,247660
저스템,01383229,417840
티엘비,00920379,356860
극동전선,00105165,006250
한국캐피탈,00149594,023760
시공테크,00170026,020710
엄지하우스,00607797,224810
앙츠,01187865,267810
비트컴퓨터,00231707,032850
현대글로비스,00360595,086280
메디아나,00273439,041920
현대퓨처넷,00403632,126560
스튜디오삼익,01540815,415380
쏠리드,00364403,050890
피에스케이홀딩스,00208444,031980
한성기업,00161860,003680
메쎄이상,01596656,408920
이아이디,00480950,093230
셀트리온헬스케어,00554024,091990
제이스코홀딩스,00148531,023440
현대백화점,00428251,069960
신라교역,00135962,004970
뉴로메카,01336461,348340
코미팜,00187415,041960
버킷스튜디오,00378220,066410
비에이치,00447609,090460
금양,00106119,001570
대성홀딩스,00108940,016710
나우IB,00651017,293580
하나금융20호기업인수목적,01583397,400560
IBKS제24호스팩,01792791,469480
에스아이리소스,00120906,065420
서희건설,00219848,035890
HD현대,01205709,267250
마이크로컨텍솔,00568188,098120
영원무역홀딩스,00140964,009970
원텍,00311270,216280
코퍼스코리아,01364297,322780
HD현대에너지솔루션,01199550,322000
오킨스전자,00543107,080580
현대공업,00164502,170030
더블유게임즈,01010110,192080
명진홀딩스,01190513,267060
현대그린푸드,01721809,453340
세아베스틸지주,00106669,001430
TKG애강,00140061,022220
DB하이텍,00160843,000990
아주IB투자,00156895,027360
우리금융캐피탈,00209443,033660
CMG제약,00380429,058820
코람코라이프인프라리츠,01430475,357120
뉴아세아,00138695,013340
케이카,01323032,381970
명신산업,00173078,009900
동방선기,00526678,099410
농심홀딩스,00459871,072710
코난테크놀로지,00601988,402030
평화산업,00573579,090080
이크레더블,00634728,092130
케이탑리츠,00861076,145270
윈하이텍,00910840,192390
코리아나,00152589,027050
에프알텍,00442561,073540
대림제지,00109781,017650
에이에프더블류,01223219,312610
일승,01396676,333430
코원플레이,00361266,056000
비엔디생활건강,01055317,215050
세원물산,00173591,024830
케이티,00190321,030200
뷰노,01344202,338220
영원무역,00776820,111770
서플러스글로벌,00599285,140070
플레이위드,00138367,023770
아시아종묘,00867478,154030
아이센스,00550994,099190
에코프로에이치엔,01566248,383310
미래에셋비전스팩2호,01692321,446190
이수페타시스,00107613,007660
대한제강,00113225,084010
동일제강,00118451,002690
리드코프,00117708,012700
잉크테크,00261656,049550
애경산업,00139454,018250
아이엠티,01546101,451220
삼성스팩9호,01786514,468510
듀오백,00407771,073190
디앤디플랫폼리츠,01475609,377190
영보화학,00140779,014440
삼성머스트기업인수목적5호,01534522,380320
파라텍,00105138,033540
라이프사이언스테크놀로지,01187175,285770
벨로크,01622331,424760
아셈스,00922304,136410
케이엠더블유,00226352,032500
위드텍,00925587,348350
누보,01394669,332290
금양그린파워,00872656,282720
이스타코,00134565,015020
삼보산업,00125822,009620
해성산업,00219361,034810
동우팜투테이블,00228712,088910
와이엠,00140858,007530
교보15호스팩,01781847,465320
와이바이오로직스,01226234,338840
현대힘스,00667373,460930
바이오시네틱스,01186671,281310
신영와코루,00136624,005800
노바텍,01259232,285490
하나제약,00248974,293480
위니아,00300557,071460
셀피글로벌,00308896,068940
티웨이항공,00671376,091810
우리손에프앤지,00413417,073560
HD현대인프라코어,00344287,042670
마이크로투나노,00624378,424980
한화투자증권,00148610,003530
피케이엘,00222213,039870
삼영엠텍,00250614,054540
LS증권,00330424,078020
KB제29호스팩,01816268,478390
와이앤넥스트,00495554,090740
포시에스,00939942,189690
HRS,00230911,036640
모베이스,00498001,101330
티엔아이,00397243,066350
HD현대미포,00164609,010620
네이블,00842585,153460
머니무브,00978075,179720
대명에너지,01150515,389260
더미동,00945208,161570
티웨이홀딩스,00109514,004870
CJ프레시웨이,00127954,051500
마스턴프리미어리츠,01442966,357430
휴럼,01148909,284420
TYM,00117230,002900
미래에셋비전스팩3호,01702424,448830
녹원씨엔아이,00393469,065560
메타랩스,00442835,090370
코나아이,00349732,052400
오스템임플란트,00341916,048260
에이치씨코퍼레이션,00241236,037340
제주반도체,00447487,080220
오성첨단소재,00350048,052420
원포유,00337296,122830
엔지스테크널러지,01084364,208860
퓨쳐메디신,01185867,341170
아하,00677334,102950
한국제15호스팩,01818682,479880
이원컴포텍,00409140,088290
대모,00450995,317850
구영테크,00202060,053270
HL D&I,00161116,014790
라온피플,01251489,300120
알서포트,00838962,131370
비큐AI,00980043,148780
에이치브이엠,01011368,295310
세븐코스프,00103121,017160
고제,00103325,002540
쏘카,01026157,403550
케이비아이동국실업,00114765,001620
에이피알,01190568,278470
한솔아이원스,00625942,114810
알보젠코리아,00105244,002250
기린,00106508,006070
남한제지,00107923,001950
에스케이머티리얼즈,00110051,036490
대양제지공업,00111227,006580
에이엠에스,00264103,044770
아이비진,00264839,039060
성우하이텍,00132992,015750
웰바이오텍,00141273,010600
태경산업,00153339,015890
제이티,00365457,089790
디에이테크놀로지,00660121,196490
카카오게임즈,01137383,293490
시지트로닉스,01284751,429270
IBKS제23호스팩,01785700,467930
한국제11호기업인수목적,01672114,436610
차이커뮤니케이션,00909835,351870
알루코,00117027,001780
현대ADM,01409022,187660
한국지주,00159874,009760
대웅바이오,00111829,016890
신동방CP,00115427,004660
동신제약,00116499,006600
에스엠화진,00238977,134780
엔케이맥스,01212383,262760
한창,00163716,005110
에스트래픽,01014055,234300
SK이터닉스,01817081,475150
브이엠,00544577,089970
하나33호스팩,01807729,475250
NHN벅스,00645089,104200
태림페이퍼,00118460,019300
롯데푸드,00120508,002270
네오퍼플,00121251,028090
삼양엔텍,00127024,008720
사조해표,00503899,079660
대신정보통신,00110875,020180
노을,01494118,376930
삼양제넥스,00132105,003940
선진지주,00132114,014300
캐로스,01018167,260490
쎄라텍,00138376,041550
알루코,00139418,021570
동국제강,01765265,460860
아세아페이퍼텍,00149248,009380
중앙제지,00149840,005600
에스와이,00151252,004530
휴네시온,01251577,290270
이베스트스팩6호,01815764,478110
메리츠증권,00163682,008560
에스트라,00154392,016570
아스트,00409681,067390
교보16호스팩,01845701,482520
이트론,00480756,096040
NH투자증권,00120182,005940
엔피케이,00108490,048830
진흥기업,00150828,002780
SK하이닉스,00164779,000660
에스엠,00260930,041510
한솔홀딩스,00171636,004150
한국정보인증,00306454,053300
SK,00181712,034730
JW홀딩스,00632304,096760
엠아이텍,00531829,179290
녹십자셀,00198378,031390
로지시스,00238199,067730
유일로보틱스,01152586,388720
예림당,00259934,036000
솔트룩스,01050738,304100
한국제지,00159412,002300
한일약품공업,00163044,003040
동원데어리푸드,00164292,003900
행남사,00164362,008800
성우몰드,00208301,053440
예일바이오텍,00220446,054250
미래자원엠엘,00653112,233190
효성 ITX,00414850,094280
코썬바이오,00874195,204990
탑머티리얼,01360875,360070
하나금융24호기업인수목적,01658266,430230
세중,00264671,039310
아이진,00945457,185490
신한알파리츠,01276594,293940
디오,00115931,039840
에이프로,00604268,262260
젬,01169498,248020
제이엠피,00234449,054790
삼성E&A,00126308,028050
빛과전자,00367482,069540
모아라이프플러스,00587925,142760
윈팩,00536286,097800
뉴보텍,00351375,060260
서연,00163114,007860
씨모스,00247939,037600
메가터치,00923516,446540
이에스산업,01119387,241510
3S,00378363,060310
인콘,00475976,083640
하이로닉,00977641,149980
SGA솔루션즈,00988364,184230
화신정공,00825223,126640
시알홀딩스,00148984,000480
나이스디앤비,00606293,130580
이에이트,01516890,418620
유안타제15호스팩,01798980,473050
인바이오젠,00652423,101140
지에스엔텍,00248053,037640
코리언일랙트로닉스파워소스,00252658,046810
삼영무역,00127167,002810
원바이오젠,01138993,278380
케이이엠텍,00542898,106080
보령,00123143,003850
사람인,00857480,143240
일월지엠엘,00923826,178780
레뷰코퍼레이션,01468061,443250
듀켐바이오,00867034,176750
경보제약,00101664,214390
판타지오,00231691,032800
드림라인,00249034,035430
한진칼,00983040,180640
프레스티지바이오파마,01510489,950210
DL이앤씨,01524093,375500
SK스퀘어,01596425,402340
에스엠비나,01203507,299670
티디에스팜,01232192,464280
원풍물산,00144021,008290
BF랩스,00656021,139050
케이씨,00209780,029460
플래스크,00297448,041590
엘앤씨바이오,01181515,290650
대산F&B,00390860,065150
동국생명과학,01233465,303810
한텍,00404941,098070
대유에이텍,00149804,002880
CJ ENM,00265324,035760
비즈니스온커뮤니케이션,01014657,138580
오름테라퓨틱,01658831,475830
공구우먼,01307335,366030
프리엠스,00352064,053160
KB제28호스팩,01810796,476470
아진카인텍,00173069,011400
시큐브,00402110,131090
플럼라인생명과학,01063237,222670
신성델타테크,00136226,065350
우리벤처파트너스,00682992,298870
엑시온그룹,00426068,069920
덕신이피씨,00454937,090410
링세오코리아,00110547,003050
태웅로직스,00562245,124560
오션스바이오,01860010,332190
셀레스트라,01201970,352770
지아이이노베이션,01351080,358570
티씨케이,00245472,064760
바이브컴퍼니,00403793,301300
에스씨엠생명과학,01110474,298060
올릭스,01113718,226950
제이앤케이인더스트리,00295370,039230
웹케시,00323868,053580
피앤씨테크,00525864,237750
케이아이엔엑스,00603348,093320
우리바이오,00369107,082850
위메이드맥스,00643656,101730
SGA,00351579,049470
키움제7호기업인수목적,01667592,433530
에스엠씨지,01142260,460870
엠디바이스,01022142,226590
플라즈맵,01575839,405000
로보쓰리에이아이,01118643,238500
지엔코,00258102,065060
아진전자부품,00111689,009320
KH 미래물산,00125965,111870
KC코트렐,00797364,119650
서산,00130408,079650
이루다,01142400,164060
레드로버,00364795,060300
YTN,00200275,040300
삼화왕관,00129235,004450
상상인증권,00112059,001290
에이럭스,01641600,475580
덕산하이메탈,00471068,077360
덕산네오룩스,01061558,213420
토박스코리아,01064069,215480
라메디텍,01504211,462510
버넥트,01605529,438700
케어젠,00549891,214370
토마토시스템,01436479,393210
큐로셀,01492651,372320
SJG세종,00134510,033530
커넥트웨이브,00585608,119860
리파인,01210066,377450
에이유브랜즈,01803927,481070
케이바이오,00255105,038530
한화플러스제2호기업인수목적,01572489,386580
엣지파운드리,00766106,105550
한화솔루션,00162461,009830
하이브,01204056,352820
한화,00160588,000880
블루엠텍,01559637,439580
롯데손해보험,00113562,000400
호전실업,00226316,111110
신진에스엠,00577380,138070
미래에셋비전스팩4호,01814233,477380
경남제약,00307028,053950
신한제9호기업인수목적,01594764,405640
다원넥스뷰,01344363,323350
디피코,01072518,163430
트윔,01217014,290090
더본코리아,00968607,475560
휴스토리,00263140,046400
SKAI,01381984,357880
진양폴리우레탄,00160375,010640
현대모비스,00164788,012330
체리부로,00216434,066360
성안머티리얼스,00132868,011300
두올,00119672,016740
캠시스,00330044,050110
모니터랩,01583652,434480
IBKS제20호스팩,01675421,439730
코어라인소프트,01512575,384470
와이엔텍,00190756,067900
바이오인프라생명과학,01130885,266470
디앤디파마텍,01376715,347850
한켐,01016309,457370
메가스터디교육,01074862,215200
바이오솔루션,00560982,086820
포스코인터내셔널,00124504,047050
삼일제약,00128032,000520
파미셀,00145163,005690
형지엘리트,00441243,093240
에피바이오텍,01281541,446440
현대자동차,00164742,005380
올리패스,01070149,244460
유비씨,01867749,495810
창대정밀,01467336,368030
디비금융스팩12호,01814589,477760
리가켐바이오,00842619,141080
대주산업,00112457,003310
바텍,00264255,043150
인바디,00269922,041830
JW생명과학,00225706,234080
GKL,00557508,114090
펨토바이오메드,01336735,327610
쌍방울,00681142,102280
에이직랜드,01540453,445090
지더블유바이텍,00257149,036180
테라사이언스,00373021,073640
교보17호스팩,01866528,489210
신한제14호스팩,01853214,487360
신흥,00173795,004080
CJ씨푸드,00129013,011150
신도리코,00135795,029530
루멘스,00406329,038060
한온시스템,00161125,018880
투비소프트,00596260,079970
탑런토탈솔루션,00814582,336680
아시아나항공,00138792,020560
에어부산,00651901,298690
신라에스지,00136004,025870
LK삼양,00992543,225190
이지케어텍,00490090,099750
신한제15호스팩,01854408,487830
교보12호기업인수목적,01620713,421800
사이냅소프트,01207901,466410
하나34호스팩,01847550,484130
명문제약,00121039,017180
에이티세미콘,00458562,089530
글로본,00159731,019660
넥써쓰,01042429,205500
키움제6호기업인수목적,01616808,413600
테크엔,01016886,308700
한국전력공사,00159193,015760
케이씨씨,00105271,002380
푸드나무,01259311,290720
한국비티비,01031229,219750
시프트업,01384787,462870
한국특강,00124090,007280
창해에탄올,00123523,004650
세아제강지주,00124197,003030
나이스정보통신,00264945,036800
KX하이텍,00276834,052900
신한카드,00307897,032710
녹십자엠에스,00513948,142280
자이에스앤디,00367844,317400
신성에스티,00761183,416180
HD현대마린솔루션,01194689,443060
옵투스제약,00831428,131030
HD현대일렉트릭,01205851,267260
파마리서치,00970453,214450
제일약품,01236897,271980
지씨셀,01010642,144510
SK아이이테크놀로지,01386916,361610
엔에프씨,01217829,265740
솔브레인,01489648,357780
에코바이브,00108065,015540
HLB글로벌,00169048,003580
성호전자,00317210,043260
어스앤에어로스페이스,00971090,263540
서연탑메탈,00153278,019770
에스넷,00264635,038680
에이엘티,00493325,172670
큐라티스,01357765,348080
한화오션,00111704,042660
팜스코,00260408,036580
소프트캠프,01182408,258790
루미르,01636565,474170
스타플렉스,00405959,115570
모나용평,00365989,070960
케이비제21호기업인수목적,01621280,424140
피아이이,01429220,452450
와이즈넛,00351427,096250
LG씨엔에스,00139834,064400
동국S&C,00415594,100130
휴비스,00362238,079980
케이씨티,00441447,089150
현대오토에버,00362441,307950
동아엘텍,00489243,088130
세이브존I&C,00422895,067830
픽셀플러스,00495086,087600
HD현대중공업,01390344,329180
엑시콘,00611736,092870
케이사인,01003040,192250
쎄노텍,01091054,222420
신시웨이,01130849,290560
하나32호스팩,01807738,475240
삐아,01283974,451250
윙스풋,01405585,335870
알티캐스트,00364254,085810
계룡건설산업,00102432,013580
엠젠솔루션,00110884,032790
NH올원리츠,01480780,400760
드래곤플라이,00230036,030350
수성웹툰,00243979,084180
백금T&A,00360036,046310
에스비비테크,00567897,389500
비디아이,00610490,148140
SGC에너지,00125150,005090
TP,00154329,007980
NICE평가정보,00158325,030190
에이텍,00256502,045660
켐트로닉스,00371485,089010
이노벡스,01353848,279060
인카금융서비스,01013694,211050
휴온스,01159853,243070
매일유업,01234507,267980
엔시스,01310773,333620
모코엠시스,01407158,333050
비아이매트릭스,01462739,413640
M83,01704680,476080
국민은행,00386937,060000
에스지헬스케어,01179866,398120
인트론바이오,00292434,048530
중앙백신,00415327,072020
펩트론,00415868,087010
메디포스트,00453929,078160
씨에스베어링,00765462,297090
씨에스윈드,00670340,112610
세종메디칼,00959229,258830
삼성기업인수목적6호,01624162,425290
크리스에프앤씨,00522007,110790
율호,00583026,072770
FSN,01061497,214270
삼표시멘트,00239639,038500
피앤에스미캐닉스,01419205,460940
KTis,00372873,058860
그린생명과학,00532059,114450
메디톡스,00580199,086900
삼성바이오로직스,00877059,207940
테고사이언스,00926522,191420
엔케이맥스,00977650,182400
유틸렉스,01110678,263050
셀레믹스,01114586,331920
SK바이오사이언스,01319899,302440
계양전기,00102618,012200
나라엠앤디,00297095,051490
에이테크솔루션,00384887,071670
디어유,01456011,376300
이건산업,00145446,008250
SGC E&C,00141246,016250
콜마홀딩스,00203290,024720
주성코퍼레이션,00753643,109070
아리온테크놀로지,00441128,058220
케이비제22호기업인수목적,01672053,436530
셀리버리,01182444,268600
국영지앤엠,00104537,006050
엘에스일렉트릭,00105855,010120
원일특강,00143907,012620
휴니드테크놀러지스,00111421,005870
SM C&C,00185046,048550
엔에스이엔엠,00543204,078860
엘앤케이바이오,00918222,156100
제이시스메디칼,01267602,287410
하이퍼코퍼레이션,00391197,065650
코스온,00402989,069110
대한전선,00113207,001440
다이나믹디자인,00453488,145210
모델솔루션,00657783,417970
지아이텍,01311310,382480
KR모터스,00112378,000040
하이비젼시스템,00825959,126700
유신,00144650,054930
이엔플러스,00469799,074610
초록뱀미디어,00299464,047820
디와이피엔에프,00602136,104460
티엔엔터테인먼트,00814786,131100
한양디지텍,00488989,078350
남성,00172185,004270
카티스,01116265,140430
국일신동,00203847,060480
롯데칠성음료,00120571,005300
유비케어,00220057,032620
삼성전자,00126380,005930
오공,00220969,045060
한화에어로스페이스,00126566,012450
LS마린솔루션,00225742,060370
삼호개발,00128980,010960
희림,00236863,037440
롯데케미칼,00165413,011170
현대바이오,00313649,048410
모나리자,00173102,012690
에프앤가이드,00331016,064850
LG유플러스,00231363,032640
머큐리,00364740,100590
신세계푸드,00274933,031440
웰크론한텍,00487546,076080
CJ CGV,00303873,079160
타이거일렉,00617314,219130
KS인더스트리,00618410,101000
아이스크림미디어,00657224,461300
뉴온,00809429,123840
워트,00866451,396470
NPX,01037542,222160
바이젠셀,01335790,308080
RF머트리얼즈,01343665,327260
무궁화인포메이션테크놀로지,00215976,038340
케이비제26호기업인수목적,01766167,458320
우양에이치씨,00450931,101970
우전,00291231,052270
한미반도체,00161383,042700
전진건설로봇,00372129,079900
아모센스,01012987,357580
동국산업,00172680,005160
스틱인베스트먼트,00117498,026890
에코프로비엠,01160363,247540
피제이메탈,00829380,128660
국도화학,00104388,007690
캔버스엔,00550082,210120
딥노이드,01344831,315640
삼영이엔씨,00288343,065570
일진디스플,00198697,020760
한세실업,00728638,105630
대원제약,00111999,003220
에코캡,00870481,128540
네오오토,00876865,212560
지란지교시큐리티,01047169,208350
RFHIC,01078178,218410
심텍,01095722,222800
샘씨엔에스,01199727,252990
셀바이오휴먼텍,01288410,318160
크라우드웍스,01514005,355390
에이에스텍,01538528,453860
조선내화,01770203,462520
금호타이어,00481454,073240
ES큐브,00175623,050120
뱅크웨어글로벌,01138595,199480
선진뷰티사이언스,00132202,086710
티에스아이,01139035,277880
이엔셀,01544468,456070
모티브링크,00367400,463480
에코프로머티,01311408,450080
CJ대한통운,00113410,000120
한양이엔지,00216762,045100
SK증권,00131850,001510
빅텍,00385363,065450
로보스타,00536523,090360
하나머티리얼즈,00660750,166090
파워풀엑스,01190780,266870
아이에스티이,01208751,212710
생고뱅코리아홀딩스,00159005,002000
KB제31호스팩,01866926,492220
이브이파킹서비스,01695498,419700
세아메카닉스,00534701,396300
대우건설,00124540,047040
에이엠시지,01872893,495900
한화플러스제3호기업인수목적,01663055,430460
클로봇,01784914,466100
이오플로우,01274310,294090
현대홈쇼핑,00412597,057050
에스퓨얼셀,01257872,288620
디비금융제13호스팩,01857991,489730
현대사료,00164618,016790
한국제12호스팩,01761296,458610
고스트스튜디오,01416235,950190
상지건설,00232007,042940
메타케어,00791209,118000
우듬지팜,01299106,403490
참엔지니어링,00153621,009310
이즈미디어,00861720,181340
LIG넥스원,00503668,079550
효성중공업,01316245,298040
글로벌에스엠,00783246,900070
LG에너지솔루션,01515323,373220
IBKS제21호스팩,01682740,442770
IBKS제22호스팩,01701328,448760
해성에어로보틱스,00453442,059270
그린리소스,01370863,402490
신한제8호기업인수목적,01574760,393360
제일엠앤에스,00528791,412540
딜리,00629212,131180
대웅,00111810,003090
에스케이브로드밴드,00243988,033630
인성정보,00229021,033230
이큐셀,00818472,160600
애닉,01259056,299910
DH오토웨어,00110583,025440
엠에스오토텍,00259545,123040
팡스카이,01208821,266350
비케이홀딩스,00369569,050090
동진쎄미켐,00118804,005290
에스에프에이,00358271,056190
한울반도체,01359815,320000
에이치이엠파마,01480708,376270
옵티코어,01506990,380540
토모큐브,01573336,475960
한전기술,00159209,052690
윈스테크넷,00868705,136540
국보,00104519,001140
알톤,00821607,123750
평화홀딩스,00155124,010770
하이드로리튬,00527491,101670
케이티앤지,00244455,033780
네패스,00227333,033640
카카오,00258801,035720
엔씨소프트,00261443,036570
케이티스카이라이프,00349097,053210
오르비텍,00297989,046120
한세엠케이,00357360,069640
이닉스,00338170,452400
종근당바이오,00390055,063160
대웅제약,00427483,069620
팬엔터테인먼트,00397191,068050
하나마이크론,00445054,067310
SK네트웍스,00131780,001740
알파녹스,00220109,043100
HS효성,01854763,487570
피에스텍,00155638,002230
엔피,01276901,291230
아이씨에이치,01302853,368600
인벤티지랩,01516456,389470
코닉오토메이션,01573284,391710
유안타제16호스팩,01804476,474490
이엘씨,00137289,041520
쌍용건설,00138206,012650
스튜디오에스,00280688,046140
POSCO홀딩스,00155319,005490
롯데정밀화학,00157681,004000
신세계인터내셔날,00234412,031430
동일고무벨트,00939687,163560
유라클,00407294,088340
농심,00108241,004370
교촌에프앤비,00453284,339770
동양고속,00540641,084670
모다이노칩,00480048,080420
에이플러스에셋,00684802,244920
이마트,00872984,139480
넥스트바이오메디컬,01385050,389650
플랜텍,00181934,051310
한화시스템,00339391,272210
씨메스,01588189,475400
씨아이에스,01090471,222080
케이디켐,00370918,221980
폴라리스우노,00663669,114630
홈캐스트,00385336,064240
신세계건설,00217947,034300
케이엔알시스템,00672603,199430
파인텍,00820352,131760
코리안리,00113191,003690
비츠로테크,00103644,042370
F&F 홀딩스,00126487,007700
KZ정밀,00141389,036560
팬스타엔터프라이즈,00339072,054300
신세계I&C,00219486,035510
탑코미디어,00608699,134580
F&F,01568413,383220
KB발해인프라,01880801,415640
RF시스템즈,01286476,474610
INVENI,00105101,015360
대한뉴팜,00207375,054670
알파칩스,00605124,117670
동국씨엠,01765256,460850
엠앤씨솔루션,01519790,484870
오늘이엔엠,00623184,192410
아이비젼웍스,01516766,469750
엘비루셈,00527011,376190
소노스퀘어,00104810,007720
SB성보,00132725,003080
유니켐,00137207,011330
씨씨에스,00249441,066790
골프존홀딩스,00674498,121440
나노실리칸첨단소재,01136001,286750
젝시믹스,01391103,337930
삼미금속,00125664,012210
애니메디솔루션,01507810,390110
에스케이씨에스,00878517,224020
지놈앤컴퍼니,01276026,314130
현대무벡스,01358463,319400
네패스아크,01368354,330860
범한퓨얼셀,01435489,382900
에이치엔에스하이텍,00311216,044990
웨이비스,01270749,289930
인스코비,00122825,006490
SUN&L,00132211,002820
엔켐,01011526,348370
대신밸런스제18호스팩,01817610,478780
미창석유공업,00122056,003650
이앤에치,01337017,341310
이마트에브리데이,00164308,010090
에이프로젠,00152385,007460
유진테크놀로지,01085026,240600
대진첨단소재,01549472,393970
디앤씨미디어,01186404,263720
우림피티에스,00567222,101170
큐엠씨,00816696,136660
셀루메드,00310156,049180
엔에스컴퍼니,00929228,224760
엘케이켐,01747977,489500
카이바이오텍,01671601,446600
멜파스,00609315,096640
한화엔진,00361008,082740
헥토파이낸셜,00763701,234340
다올투자증권,00156859,030210
대호특수강,00166175,021040
오스테오닉,01082348,226400
신한투자증권,00138321,008670
플레이그램,00103130,009810
엠브레인,00877174,169330
그리드위즈,01299203,453450
무림P&P,00119007,009580
무림SP,00121507,001810
한국제지,00133706,027970
한양증권,00162416,001750
아이씨티케이,01373709,456010
한국기업평가,00156956,034950
텔라움,00304401,047730
딥마인드,01075126,223310
동신건설,00116408,025950
제이에스링크,00642541,127120
에이치엠넥스,00232821,036170
켐트로스,01089350,220260
디이시스,00348788,053200
페이퍼코리아,00134723,001020
무림페이퍼,00136086,009200
메타바이오메드,00317681,059210
바이오니아,00326731,064550
한스바이오메드,00349060,042520
세운메디칼,00362201,100700
알리코제약,00447007,260660
티앤엘,00608440,340570
나이벡,00767628,138610
엑세스바이오,00956028,950130
옵티팜,00971726,153710
수젠텍,01063954,253840
피플바이오,01118281,304840
오상자이엘,00226547,053980
레이저옵텍,01161432,199550
STX그린로지스,01784394,465770
엔피씨,00108038,004250
휴온스글로벌,00228059,084110
대한해운,00113535,005880
케이엠,00242934,083550
두산,00117212,000150
마크로젠,00261373,038290
동양,00117337,001520
위닉스,00293886,044340
삼익악기,00127857,002450
노브랜드,00305941,145170
펄어비스,01152470,263750
고려산업,00102751,002140
CS,00303703,065770
유진기업인수목적7호,01569838,388800
이노스페이스,01700587,462350
솔브레인홀딩스,00247975,036830
씨티씨바이오,00362292,060590
휴젤,00888347,145020
유안타제9호기업인수목적,01663639,430700
에르코스,01253636,435570
한국첨단소재,00403766,062970
링크드,01035678,193250
JTC,01041828,950170
셀비온,01275489,308430
SK이노베이션,00631518,096770
현대건설,00164478,000720
조광ILI,00291860,044060
포니링크,00392691,064800
CSA 코스믹,00406037,083660
포인트모바일,00962393,318020
골프존클라우드,00764807,183410
넥스쳐,00977696,194510
하나은행,00158909,004940
노보믹스,01332137,283100
스마트솔루션즈,00763358,136510
SK증권제13호스팩,01801822,473950
대림바스,00109754,005750
삼양케이씨아이,00265041,036670
오뚜기,00141529,007310
티에스넥스젠,00317487,043220
온타이드,00168331,005320
미디어젠,01190124,279600
퀀텀온,01207761,227100
뉴파워프라즈마,00521390,144960
iM금융지주,00878915,139130
에스유앤피,00136642,019590
오스코텍,00263654,039200
선바이오,00407036,067370
신라젠,00919966,215600
HLB제넥스,00983916,187420
쌍용씨앤이,00138224,003410
디엔에프,00569691,092070
키움제10호스팩,01877126,487720
테이팩스,00256955,055490
이엠코리아,00526951,095190
삼진제약,00128412,005500
제이준코스메틱,00136776,025620
동서,00144395,026960
풍산홀딩스,00155531,005810
현대해상,00164973,001450
이월드,00540605,084680
노루페인트,00583442,090350
삼천리자전거,00128607,024950
이수앱지스,00526872,086890
S&K폴리텍,00580667,091340
참좋은여행,00606770,094850
엔젤로보틱스,01592049,455900
노머스,01703849,473980
더즌,01563667,462860
동일스틸럭스,00172945,023790
더콘텐츠온,00991225,302920
에코프로,00536541,086520
GS피앤엘,01882845,499790
파이오링크,00492353,170790
위세아이텍,00374738,065370
미래에셋비전스팩5호,01817249,477470
씨어스테크놀로지,01514227,458870
에스에스알,01250374,275630
프리젠,00353230,060910
코렌텍,00541437,104540
EDGC,01182550,245620
솔루엠,01159233,248070
바이온,00232089,032980
미쥬,01547933,351020
옵트론텍,00327396,082210
수산인더스트리,00193328,126720
코다코,00295857,046070
젠큐릭스,01051472,229000
KB금융,00688996,105560
APS,00296078,054620
스타에스엠리츠,01035289,204210
에스티팜,00871833,237690
파나케이아,00353018,058530
에스오에스랩,01686427,464080
아이큐어,00554352,175250
플루토스,00110750,019570
디티씨,00371740,066670
베른,01412938,322190
티이엠씨씨엔에스,01113754,241790
모토닉,00151128,009680
하이제7호기업인수목적,01586172,400840
엔에이치스팩31호,01834194,481890
가이아코퍼레이션,01229240,296520
대신밸런스제13호기업인수목적,01675014,438220
대신밸런스제19호스팩,01845534,482690
위츠,01445440,459100
유디엠텍,01498576,389680
대원,00111838,007680
풀무원,00155355,017810
락앤락,00561866,115390
오리엔트정공,00300405,065500
한일현대시멘트,00164672,006390
비엘팜텍,00384717,065170
진양화학,00347734,051630
진양산업,00150439,003780
다우데이타,00238782,032190
서울보증보험,00112998,031210
한일네트웍스,00277736,046110
와이오엠,00370200,066430
화인베스틸,00661847,133820
인선이엔티,00375931,060150
넷마블,00904672,251270
두산로보틱스,01105153,454910
넥스턴바이오,00416414,089140
한국투자패러랠유전해외자원개발특별자산투자회사1호(지분증권),00960641,168490
제우스,00442570,079370
제이앤티씨,00447575,204270
아이엠지티,01579020,456570
상신이디피,00480783,091580
컴투스홀딩스,00535746,063080
비투엔,01326792,307870
엑시큐어하이트론,00156150,019490
아스테라시스,01590528,450950
데이원컴퍼니,01455492,373160
이엠앤아이,00475718,083470
프롬바이오,01217865,377220
덴티움,00526599,145720
윤성에프앤씨,00925374,372170
케일럼,00961507,258610
신영해피투모로우제7호기업인수목적,01612608,419270
아이빔테크놀로지,01678312,460470
한일시멘트,01319808,300720
키움제11호스팩,01873272,489480
아이티센코어,00565215,243870
미트박스,01374717,475460
유안타제17호스팩,01872219,493790
태웅,00186799,044490
미투온,00965813,201490
탑선,00874937,180060
케이만금세기차륜집단유한공사,01168143,900280
AK홀딩스,00125080,006840
아주스틸,00486705,139990
블루콤,00238001,033560
아이언디바이스,01706794,464500
엔에이치기업인수목적23호,01619513,422040
싸이토젠,01046391,217330
킵스파마,01037214,256940
포톤,01047707,208710
PKC,00122472,001340
엔케이,00172228,085310
지에이이노더스,00321204,076340
화인써키트,00527002,127980
라피치,01466832,403360
엑셀세라퓨틱스,01492217,373110
신일전자,00173698,002700
자이글,01020524,234920
케이비캐피탈,00161408,021960
대호에이엘,00428729,069460
알바이오,00112004,003190
인지컨트롤스,00103510,023800
강원에너지,00100601,114190
동국홀딩스,00114792,001230
대동스틸,00109268,048470
신라섬유,00135999,001000
HD현대마린엔진,00406046,071970
노블엠앤비,00536329,106520
소니드,00363510,060230
티엑스알로보틱스,01458161,484810
삼성에스디에스,00126186,018260
삼성SDI,00126362,006400
남해화학,00107987,025860
디와이디,01089378,219550
삼양엔씨켐,00863533,482630
로아앤코,00957568,214310
KT지니뮤직,00223762,043610
삼일씨엔에스,00109806,004440
삼기에너지솔루션즈,01526806,419050
DB증권,00115694,016610
삼성FN리츠,01688896,448730
성우,00319272,458650
유진스팩11호,01854392,488060
지앤비에스 에코,00958327,382800
인천도시가스,00145862,034590
비유테크놀러지,01110076,230980
광무,00186452,029480
틸론,00976615,217880
HLB파나진,00172079,046210
한국가구,00156442,004590
리더스코스메틱,00180263,016100
케이피엠테크,00206686,042040
원익홀딩스,00216647,030530
제이엠아이,00222435,033050
메디앙스,00267854,014100
크레오에스지,00346407,040350
메디콕스,00356839,054180
아이지넷,01728167,462980
GS건설,00120030,006360
코오롱머티리얼,00652159,144620
한화플러스제5호스팩,01881800,498390
우양,00486875,103840
차바이오텍,00525679,085660
더코디,00530413,224060
한국유니온제약,00532855,080720
에이디테크놀로지,00657002,200710
일진전기,00683469,103590
네이처셀,00117276,007390
글로벌텍스프리,01042711,204620
KISCO홀딩스,00159740,001940
비츠로시스,00201432,054220
미래에셋생명,00112332,085620
에코플라스틱,00139153,038110
오리콤,00141671,010470
종근당홀딩스,00149354,001630
KBI메탈,00158024,024840
코오롱,00152862,002020
태영건설,00153861,009410
지엘팜텍,01042359,204840
NHN KCP,00357740,060250
기가레인,00377018,049080
파커스,00384762,065690
아미노로직스,00466428,074430
텔콘RF제약,00608802,200230
에이팩트,00667425,200470
서진시스템,00838005,178320
한익스프레스,00129509,014130
엑스게이트,01372782,356680
SPC삼립,00125530,005610
대유,00384948,290380
팬젠,00962922,222110
벡트,01453944,457600
제이씨현시스템,00223513,033320
MH에탄올,00121534,023150
탑엔지니어링,00366845,065130
삼성카드,00126292,029780
싸이맥스,00659161,160980
와이즈버즈,01236532,273060
세방전지,00133858,004490
사조동아원,00137252,008040
신영스팩10호,01796858,472220
GS리테일,00140177,007070
에이치엠씨제7호스팩,01813377,477340
지누스,00150633,013890
심플랫폼,01590980,444530
에이스테크,00556907,088800
한울소재과학,00560122,091440
고영,00579999,098460
에스에너지,00585538,095910
다산솔루에타,00624518,154040
장원테크,00659684,174880
아시아경제,00665676,127710
제너셈,00666204,217190
제노레이,00799539,122310
알엔투테크놀로지,00915508,148250
엔투텍,01105621,227950
피엔에이치테크,01112889,239890
보라티알,01124680,250000
와이엠텍,01215618,273640
알로이스,01309795,297570
토탈소프트,00355089,045340
신스틸,00958664,162300
롯데하이마트,00158307,071840
HS애드,00140168,035000
동아타이어공업,01262458,282690
동일기연,00199076,032960
프레스티지바이오로직스,01258428,334970
스코넥,01290248,276040
온코크로스,01423916,382150
에이텀,01444380,355690
오브젠,01472930,417860
시큐레터,01579570,418250
한울비앤씨,00820389,214870
LS에코에너지,01093007,229640
이지트로닉스,01140837,377330
AP시스템,01203808,265520
신한제10호기업인수목적,01616482,418210
한국피아이엠,00765897,448900
HDC랩스,00350312,039570
코엔텍,00197476,029960
삼화네트웍스,00301112,046390
웨이버스,01408999,336060
와이제이링크,01023211,209640
인스피언,01284876,465480
녹십자웰빙,01135057,234690
포스코스틸리온,00155258,058430
포스코퓨처엠,00155276,003670
마니커,00204208,027740
세아홀딩스,00377610,058650
해성디에스,01032413,195870
HS효성첨단소재,01316254,298050
유바이오로직스,00927558,206650
이지스레지던스리츠,01436628,350520
대주이엔티,00414540,114920
시너지이노베이션,00475985,048870
컴투스,00476498,078340
젬백스,00492894,082270
SDN,00574611,099220
와이지엔터테인먼트,00613318,122870
쓰리에이로직스,00870065,177900
유네코,00127699,064510
네오이뮨텍,01511558,950220
앤에스,00638539,126870
한국미라클피플사,01363924,331660
케이씨피드,00101752,025880
남양유업,00107598,003920
매일홀딩스,00120924,005990
엠오티,01563922,413390
동성제약,00116268,002210
파멥신,00972293,208340
광진실업,00104120,026910
영풍제지,00141404,006740
드림텍,00415646,192650
더테크놀로지,00351454,043090
한중엔시에스,00474588,107640
미래에셋비전스팩6호,01819867,478440
LG생명과학,00423609,068870
퀄리타스반도체,01584183,432720
대한제당,00113234,001790
한탑,00140566,002680
대한제분,00113243,001130
한일사료,00162911,005860
대상,00121941,001680
빙그레,00124726,005180
팜스토리,00192499,027710
삼양식품,00126955,003230
모아텍,00241209,033200
이지홀딩스,00242378,035810
서울식품공업,00130879,004410
드림어스컴퍼니,00364467,060570
iMBC,00370006,052220
우성,00142661,006980
스톰테크,01226270,352090
한국공항,00156691,005430
한국쉘석유,00158149,002960
에이비프로바이오,00620558,195990
제닉스,01293485,381620
쇼박스,00303794,086980
야스,00875307,255440
씨아이테크,00127158,004920
와이투솔루션,00144720,011690
산은캐피탈,00260356,008270
서호전기,00220622,065710
코스나인,00442455,082660
우주일렉트로,00390903,065680
세실,00446831,084450
기업은행,00149646,024110
한국전자인증,00361169,041460
신한글로벌액티브리츠,01714997,481850
민테크,01689035,452200
디지캡,00681373,197140
삼익THK,00127802,004380
TS트릴리온,01353024,317240
스마트레이더시스템,01555215,424960
위너스,01137860,479960
MDS테크,00445841,086960
신비앤텍,00446479,070480
테크엘,00370255,064520
디엘건설,00128971,001880
슈피겐코리아,00917861,192440
광림,00103635,014200
아모텍,00298447,052710
강스템바이오텍,01025644,217730
모트렉스,00876908,118990
캐리,00863038,313760
에스케이렌터카,00201450,068400
SKC,00139889,011790
태성,01366000,323280
씨앗,00762377,103660
비에이치아이,00409788,083650
디비엘,00291152,041500
드림인사이트,01492688,362990
미래에셋비전스팩7호,01841635,482680
비비씨,01153105,318410
진영,00816933,285800
조흥,00149345,002600
쎄트렉아이,00449254,099320
아미코젠,00545734,092040
동원F&B,00340917,049770
에스앤디,00560849,260970
해태제과식품,00428321,101530
조이시티,00397252,067000
크로넥스,01034730,215570
인피니트헬스케어,00435969,071200
메디안디노스틱,01035942,233250
상상인제3호기업인수목적,01604371,415580
대교,00108913,019680
이랜텍,00206659,054210
레몬,01011395,294140
우리은행,00254045,000030
와이랩,01406265,432430
배터리솔루션즈,00929778,199870
셀젠텍,01117918,258250
스튜디오드래곤,01168684,253450
지니틱스,01318933,303030
엠에프엠코리아,01384477,323230
디아이티,00576798,110990
유비벨록스,00592653,089850
동아쏘시오홀딩스,00116824,000640
우리종합금융,00104102,010050
리튬포어스,00440712,073570
동아에스티,00956930,170900
DGI,00627029,099520
씨피시스템,01601222,413630
한서제약,00301015,044070
플래닛팔이,00301626,057330
미래반도체,00299844,254490
하이젠알앤엠,00650771,160190
한국맥널티,00579139,222980
CJ제일제당,00635134,097950
선진,00855093,136490
노바렉스,00811372,194700
삼양사,00896285,145990
팜스빌,00986898,318010
샘표식품,01167056,248170
크라운제과,01205329,264900
에이치피오,01068737,357230
오리온,01238169,271560
미래생명자원,01071944,218150
롯데웰푸드,01258507,280360
뉴트리,01214248,270870
유니포인트,00445869,121060
광동헬스바이오,00523176,086220
하나금융22호기업인수목적,01613281,418170
온코닉테라퓨틱스,01632912,476060
KBG,00876166,318000
경동나비엔,00101488,009450
남화토건,00108001,091590
남광토건,00107066,001260
스페코,00136165,013810
에스엠코어,00137915,007820
대창,00112651,012800
한국알콜,00158565,017890
동원산업,00118026,006040
유진기업,00184667,023410
동화약품,00119195,000020
아이즈비전,00200910,031310
보해양조,00123541,000890
에스엘,00125521,005850
대아티아이,00318316,045390
SK디스커버리,00131832,006120
코데즈컴바인,00329093,047770
한성크린텍,00389998,066980
동원시스템즈,00132637,014820
한라IMS,00528515,092460
유화증권,00145190,003460
네오크레마,01219155,311390
KB제30호스팩,01851650,486630
소룩스,00605522,290690
에이치엘사이언스,01011438,239610
대동고려삼,00910202,178600
한솔피엔에스,00103626,010420
한국애보트진단,00317089,066930
제이엔케이글로벌,00442154,126880
씨알푸드,01085187,236030
바이오텐,01352575,289170
인산가,01243161,277410
위지윅스튜디오,01276327,299900
휴럼,01453670,353190
이지바이오,01480568,353810
오에스피,01491607,368970
경동제약,00101549,011040
고려제약,00103015,014570
국제약품,00104722,002720
대한약품,00113128,023910
동구바이오제약,00114686,006620
동국제약,00114808,086450
원익피앤이,01020843,217820
에스엔유프리시젼,00455981,080000
GST,00540863,083450
일성건설,00146232,013360
이엠텍,00541163,091120
OCI홀딩스,00148896,010060
제넥신,00545929,095700
휴스틸,00156488,005010
휴메딕스,00614478,200670
한국종합기술,00159500,023350
코스맥스엔비티,00656289,222040
한국앤컴퍼니,00160047,000240
삼기,00799177,122350
코스모화학,00160302,005420
한미사이언스,00161426,008930
씨이랩,00991298,189330
한창제지,00163761,009460
코아시아씨엠,01031502,196450
HDC,00164636,012630
강동씨앤엘,01032583,198440
HMM,00164645,011200
기신정기,00106614,092440
진도,00557933,088790
하스,01663569,450330
메디쎄이,01018617,200580
폴라리스AI,00369213,039980
SCL사이언스,01110182,246960
이렘,00116426,009730
백산,00122551,035150
한솔로지스틱스,00140946,009180
안국약품,00139205,001540
영흥,00141477,012160
오션인더블유,00349811,052300
한컴라이프케어,00534598,372910
한솔제지,01060744,213500
우리이앤엘,00815095,153490
케어랩스,01187148,263700
비엔디,00329084,047940
씨티앤티,00334493,050470
콜마파마,00334615,038710
지케이파워,00349787,054020
수산아이앤티,00577016,050960
부광약품,00123718,003000
삼성제약,00126414,001360
삼아제약,00126788,009300
삼천당제약,00128546,000250
녹십자,00129679,006280
서울제약,00131018,018680
팜젠사이언스,00135050,004720
신신제약,00136448,002800
신일제약,00137058,012790
신풍제약,00137359,019170
영진약품,00141149,003520
유유제약,00144818,000220
일동홀딩스,00146083,000230
JW중외제약,00149947,001060
진양제약,00150536,007370
유나이티드,00158963,033270
한독,00161046,002390
동양생명,00117267,082640
삼부토건,00125974,001470
태양기계,00442631,116100
대양금속,00111111,009190
씨유메디칼,00681249,115480
드림시큐리티,01038693,203650
넥센,00167192,005720
넵튠,01067808,217270
넥센타이어,00173874,002350
선샤인푸드,01068658,217620
동아지질,00178754,028100
본느,01098792,226340
한국토지신탁,00233653,034830
한송네오텍,01101722,226440
코오롱ENP,00241005,138490
형지글로벌,01181807,308100
HDC현대EP,00357935,089470
HLB바이오스텝,01189438,278650
AJ네트웍스,00365387,095570
에브리봇,01201590,270660
LX하우시스,00759513,108670
코윈테크,01211232,282880
코오롱인더,00795135,120110
에스디바이오센서,00854997,137310
한솔테크닉스,00157399,004710
루트로닉,00549925,085370
코디,00308559,080530
퓨처코어,00653103,151910
에스바이오메딕스,01258020,304360
티엘아이,00261887,062860
영진코퍼레이션,00356158,053330
닷밀,01605282,464580
한올바이오파마,00162586,009420
현대약품,00164706,004310
환인제약,00166573,016580
한국파마,00187770,032300
대화제약,00210740,067080
바이넥스,00216027,053030
조아제약,00231831,034940
비씨월드제약,00256043,200780
바스칸바이오제약,00533809,354390
셀트리온제약,00541349,068760
위더스제약,00765851,330350
한미약품,00828497,128940
헬릭스미스,00359395,084990
알체라,01405451,347860
세원이앤씨,00585219,091090
세토피아,01091382,222810
미래에셋비전기업인수목적1호,01601286,412930
블랙야크아이앤씨,01718407,478560
한국타이어앤테크놀로지,00937324,161390
코오롱티슈진,01245062,950160
현대코퍼레이션홀딩스,01108099,227840
리메드,01275665,302550
HDC현대산업개발,01310269,294870
코오롱모빌리티그룹,01712485,450140
인바이츠바이오코아,00537221,216400
월덱스,00580065,101160
아이엠뱅크,00109019,005270
대원강업,00111847,000430
에쓰씨엔지니어링,00121969,023960
알에프세미,00516246,096610
피엔케이피부임상연구센타,01290381,347740
퀀타피아,00501970,078940
코칩,00446901,126730
SK증권제12호스팩,01798722,473000
코아스템켐온,00989664,166480
종근당,00992871,185750
HK이노엔,01012066,195940
일동제약,01168383,249420
알피바이오,01182259,314140
제주은행,00148832,006220
앱트뉴로사이언스,01228515,270520
빌리언스,00173449,044480
아이엠,00609634,101390
HPSP,01288827,403870
아이에스동서,00115977,010780
경창산업,00102353,024910
TCC스틸,00117300,002710
대동기어,00109310,008830
키다리스튜디오,00140131,020120
포스코엠텍,00128111,009520
서울반도체,00130763,046890
코스맥스비티아이,00219574,044820
태광,00153375,023160
씨티알모빌리티,00450010,308170
SBI인베스트먼트,00156910,019550
KEC,00589127,092220
코스맥스,01009789,192820
오텍,00397289,067170
두산퓨얼셀,01412725,336260
서울바이오시스,00488402,092190
폴라리스AI파마,00463342,041910
에스에이치엔엘,00245898,050320
유안타제11호스팩,01688346,444920
유안타제12호스팩,01690235,446150
유안타제13호스팩,01701753,449020
유안타제14호스팩,01706819,450940
지오엘리먼트,00668965,311320
엔에이치기업인수목적20호,01573974,391060
KG모빌리티,00138242,003620
한화갤러리아,01722437,452260
애경케미칼,00936787,161000
테라젠이텍스,00249894,066700
모비스,01165155,250060
대한광통신,00113261,010170
이건홀딩스,00184889,039020
인크레더블버즈,00390408,064090
형지I&C,00142713,011080
제룡산업,00899556,147830
신한제11호스팩,01719105,452980
신한제13호스팩,01807747,474930
신한제12호스팩,01809569,474660
남산물산,00188122,036280
솔루스첨단소재,01412822,336370
케이조선,00109453,067250
깨끗한나라,00113492,004540
KD,00111218,044180
동원개발,00117966,013120
태경비케이,00122481,014580
티앤알바이오팹,01109937,246710
성일하이텍,01274329,365340
엑스큐어,00683007,070300
AP헬스케어,00653194,109960
일양약품,00146454,007570
타조엔터테인먼트,01518506,476710
한신기계공업,00162072,011700
케이쓰리아이,01689266,431190
셀트리온,00413046,068270
세우글로벌,00134176,013000
엠에스씨,00121154,009780
바른손,00122205,018700
삼양홀딩스,00126937,000070
서원,00131197,021050
서울전자통신,00130587,027040
영풍,00141307,000670
시그네틱스,00158219,033170
사조오양,00141875,006090
좋은사람들,00205003,033340
한국석유공업,00157991,004090
아이에이,00252269,038880
한진중공업홀딩스,00163673,003480
바른손이앤에이,00259590,035620
파라다이스,00171265,034230
삼현,00262266,437730
HS화성,00174527,002460
베뉴지,00267906,019010
콘텐트리중앙,00203315,036420
데브시스터즈,01008762,194480
천지산업,00151447,001490
HLB,00199252,028300
LG디스플레이,00105873,034220
오스템,00175173,031510
국보디자인,00253985,066620
한국경제TV,00263371,039340
삼아알미늄,00126779,006110
아남전자,00138516,008700
제이씨케미칼,00664853,137950
KPX케미칼,00191472,025000
씨젠,00788773,096530
교보11호기업인수목적,01582228,397880
제이투케이바이오,01553129,420570
사이노젠,00367376,064060
삼성증권,00104856,016360
LG이노텍,00105961,011070
삼성생명,00126256,032830
엔텔스,00415707,069410
삼성중공업,00126478,010140
한솔인티큐브,00470829,070590
신세계,00136378,004170
현대차증권,00137997,001500
에스원,00158501,012750
화천기공,00166519,000850
일진다이아,00508274,081000
에어레인,01663116,163280
유아이디,00400121,069330
화신테크,00166333,086250
나무가,00819374,190510
키움증권,00296290,039490
휴먼테크놀로지,00861997,175140
지슨,00945776,289860
씨앤씨인터내셔널,01226410,352480
키움제8호스팩,01693922,446840
비피도,01109070,238200
엔젠바이오,01397903,354200
하나금융21호기업인수목적,01593242,406760
파인메딕스,01455410,387570
동방메디컬,01073261,240550
유니슨,00144243,018000
제일일렉트릭,00148470,199820
신한서부티엔디리츠,01436558,404990
인지디스플레,00265421,037330
가비아,00506294,079940
고려제강,00103006,002240
흥국화재,00103176,000540
KCC건설,00105466,021320
대성창투,00109037,027830
대현,00113614,016090
LX세미콘,00525934,108320
부산은행,00124106,005280
자화전자,00146861,033240
코웰패션,00155948,033290
라이온켐텍,00317104,171120
코아스,00210856,071950
시지메드텍,00346610,056090
티에스이,00372226,131290
텔코웨어,00361488,078000
KTcs,00372882,058850
SOOP,00399694,067160
웅진씽크빅,00628189,095720
CG인바이츠,00407814,083790
엘브이엠씨,00838500,900140
시디즈,00852087,134790
성창오토텍,00486370,080470
씨케이솔루션,01210677,480370
이녹스,00494476,088390
티와이홀딩스,01497869,363280
에스와이,00535481,109610
유니테스트,00540447,086390
코셈,01493793,360350
셀로맥스사이언스,01448544,471820
광동제약,00103592,009290
한국테크놀로지,00355548,053590
세븐브로이맥주,01575361,267080
씨엔티드림,01114559,286000
효성,00117188,004800
CNH,00149266,023460
유안타증권,00117601,003470
한국선재,00158015,025550
동원수산,00118044,030720
에너토크,00169215,019990
코콤,00187725,015710
선도전기,00131939,007610
일신석재,00146296,007110
한국주철관공업,00159573,000970
한신공영,00162063,004960
케이엘넷,00246620,039420
경남기업,00101257,000800
지나인제약,00477257,078650
비케이탑스,00273615,030790
이스트에이드,01128622,239340
상신브레이크,00129642,041650
신풍,00137368,002870
랩지노믹스,00545114,084650
애머릿지,00781202,900100
툴젠,00547510,199800
SK시그넷,01188730,260870
ISC,00572905,095340
에스코넥,00573269,096630
아이윈플러스,00615723,123010
KX,00657987,122450
디티앤씨,00675594,187220
앤디포스,00942131,238090
아이스크림에듀,00983934,289010
와이씨,01109539,232140
모비릭스,01210190,348030
엠에프씨,01217795,432980
이녹스첨단소재,01237540,272290
솔트웨어,01390399,328380
한국팩키지,00198192,037230
롯데쇼핑,00120526,023530
더라미,00205687,032860
SM Life Design,00367604,063440
현대비앤지스틸,00125743,004560
현대이지웰,00656951,090850
서울도시가스,00130684,017390
위메이드플레이,00815767,123420
포스코DX,00155212,022100
퓨릿,01027828,445180
HD한국조선해양,00164830,009540
와이어블,00250137,065530
새론오토모티브,00305668,075180
아시아나IDT,00458234,267850
한국정보공학,00261957,039740
비상교육,00520887,100220
누리플렉스,00269889,040160
HJ중공업,00633835,097230
인산가,00408336,062580
대한화섬,00113544,003830
엠투엔,00143226,033310
디와이덕양,00114154,024900
이화전기,00145738,024810
사조산업,00124799,007160
한주에이알티,00146427,058450
DH오토넥스,00126089,000300
심텍홀딩스,00152127,036710
태광산업,00153393,003240
농우바이오,00176835,054050
오상헬스케어,00260657,036220
SG&G,00264714,040610
세종텔레콤,00268002,036630
피노,00276083,033790
코나솔,00666329,176590
아이톡시,00346911,052770
도부,01109690,227420
KG에코솔루션,00366137,151860
스타코링크,00373571,060240
HLB사이언스,01413371,343090
제넨바이오,00408956,072520
푸른소나무,00410739,057880
비트맥스,01409095,377030
아이엠비디엑스,01497373,461030
블리츠웨이엔터테인먼트,01508855,369370
나우로보틱스,01594791,459510
디이엔티,00445160,079810
티플랙스,00497631,081150
AP위성,00874803,211270
씨앤투스,00875237,352700
위니아에이드,01175499,377460
쿠콘,01311055,294570
보로노이,01327746,310210
에스피소프트,01381391,443670
쓰리빌리언,01506617,394800
센서뷰,01593668,321370
폰드그룹,01806951,472850
세아제강,01325979,306200
산일전기,00366438,062040
그래디언트,00244561,035080
PS일렉트로닉스,01015160,332570
에스엘테라퓨틱스,01109122,258540
오하임앤컴퍼니,01335453,309930
제로투세븐,00563837,159580
잇츠한불,00911955,226320
GS글로벌,00138190,001250
스피어,01336762,347700
에스케이증권제8호기업인수목적,01671197,435870
인디에프,00106881,014990
디비금융제11호기업인수목적,01731453,456440
바이오포트,01157846,188040
큐러블,00548519,086460
카프로,00159810,006380
나래나노텍,00362122,137080
넥사다이내믹스,01440153,351320
아이마켓코리아,00360142,122900
유안타제10호기업인수목적,01670675,435380
이노룰스,01341630,296640
한국투자파트너스,00162081,019560
수산세보틱스,00135111,017550
엑스플러스,01514698,373200
건영,00100957,012720
미스토홀딩스,00195229,081660
대창솔루션,00177870,096350
서울평가정보,00260745,036120
아이티센글로벌,00620868,124500
한울앤제주,01230255,276730
아이엘,01326279,307180
포커스에이아이,01393721,331380
쎄크,00406222,081180
동성케미컬,00679314,102260
CNT85,00318662,056730
HLB펩,00808086,196300
아스타,01157235,246720
에이비엘바이오,01256864,298380
시선AI,01315042,340810
일성아이에스,00146214,003120
주성엔지니어링,00252135,036930
아크솔루션스,01036367,203690
한국제14호기업인수목적,01814312,477530
에이아이코리아,01307593,364950
두산테스나,00563545,131970
위메이드,00444329,112040
코원에너지서비스,00112907,026870
OCI,01760738,456040
에이프릴바이오,01375822,397030
케이씨씨글라스,01428203,344820
네이트커뮤니케이션즈,00361725,066270
일신바이오,00385415,068330
에이프로젠바이오로직스,00101044,003060
삼환기업,00129411,000360
아이티센씨티에스,00186559,031820
화승인더스트리,00166227,006060
한화비전,01867758,489790
디에이치엑스컴퍼니,00180865,031860
다보링크,01416642,340360
인터로이드,01290132,311960
KT밀리의서재,01467451,418470
로킷헬스케어,01335143,376900
인스웨이브,01222113,450520
에스켐,01383779,475660
광명전기,00103662,017040
푸른저축은행,00124805,007330
DYP,00117726,092780
제일바이오,00185505,052670
아모레퍼시픽홀딩스,00154462,002790
NICE인프라,00363769,063570
유니온바이오메트릭스,00408266,203450
KT나스미디어,00486097,089600
디바이스,00624509,187870
오건에코텍,01085442,212310
솔디펜스,01063884,215090
아이티센엔텍,00138303,010280
중앙첨단소재,00347716,051980
인트로메딕,00661157,150840
아티스트스튜디오,00990819,200350
LS티라유텍,01309388,322180
대신밸런스제15호기업인수목적,01751448,457390
티씨머티리얼즈,00381756,125020
일정실업,00146542,008500
아티스트컴퍼니,01116502,321820
HLB이노베이션,00155586,024850
에코글로우,00896753,159910
마녀공장,01136977,439090
바이오비쥬,01657197,489460
DKME,00108746,015590
브이원텍,01027794,251630
롯데이노베이트,01262032,286940
에코마케팅,01029394,230360
우정바이오,01065013,215380
이뮨온시아,01203659,424870
고려아연,00102858,010130
새빗켐,00862880,107600
더바이오메드,01049167,214610
나라소프트,01267550,288490
아이티센피엔에스,01113499,232830
원일티엔아이,00488244,136150
오가노이드사이언스,01626391,476040
